Warehouse_ID,Product_ID,Current_Stock,Monthly_Demand
W01,PR0001,284.0,132
W01,PR0002,210.0,201
W01,PR0003,,255
W01,PR0004,560.0,405
W01,PR0005,819.0,235
W01,PR0006,199.0,516
W01,PR0007,160.0,256
W01,PR0008,439.0,296
W01,PR0009,,173
W01,PR0010,,233
W01,PR0011,638.0,321
W01,PR0012,243.0,342
W01,PR0013,370.0,376
W01,PR0014,514.0,711
W01,PR0015,529.0,137
W01,PR0016,0.0,180
W01,PR0017,780.0,321
W01,PR0018,468.0,198
W01,PR0019,640.0,647
W01,PR0020,723.0,184
W01,PR0021,218.0,258
W01,PR0022,238.0,312
W01,PR0023,,82
W01,PR0024,409.0,137
W01,PR0025,142.0,35
W01,PR0026,527.0,136
W01,PR0027,374.0,88
W01,PR0028,633.0,190
W01,PR0029,312.0,530
W01,PR0030,441.0,328
W01,PR0031,892.0,149
W01,PR0032,1018.0,71
W01,PR0033,664.0,479
W01,PR0034,292.0,12
W01,PR0035,508.0,79
W01,PR0036,734.0,158
W01,PR0037,820.0,146
W01,PR0038,358.0,554
W01,PR0039,193.0,8
W01,PR0040,1255.0,259
W01,PR0041,234.0,341
W01,PR0042,749.0,183
W01,PR0043,1379.0,141
W01,PR0044,1061.0,217
W01,PR0045,321.0,46
W01,PR0046,323.0,318
W01,PR0047,329.0,93
W01,PR0048,410.0,395
W01,PR0049,282.0,281
W01,PR0050,514.0,402
W01,PR0051,0.0,220
W01,PR0052,285.0,72
W01,PR0053,0.0,56
W01,PR0054,999.0,432
W01,PR0055,239.0,63
W01,PR0056,,234
W01,PR0057,632.0,295
W01,PR0058,988.0,82
W01,PR0059,218.0,55
W01,PR0060,443.0,327
W01,PR0061,,454
W01,PR0062,634.0,369
W01,PR0063,317.0,51
W01,PR0064,,177
W01,PR0065,755.0,192
W01,PR0066,210.0,155
W01,PR0067,651.0,170
W01,PR0068,74.0,57
W01,PR0069,217.0,359
W01,PR0070,686.0,282
W01,PR0071,149.0,69
W01,PR0072,386.0,82
W01,PR0073,465.0,152
W01,PR0074,993.0,-10
W01,PR0075,156.0,41
W01,PR0076,606.0,46
W01,PR0077,,-10
W01,PR0078,619.0,193
W01,PR0079,0.0,364
W01,PR0080,0.0,328
W01,PR0081,,160
W01,PR0082,347.0,246
W01,PR0083,153.0,367
W01,PR0084,163.0,279
W01,PR0085,646.0,378
W01,PR0086,761.0,82
W01,PR0087,163.0,469
W01,PR0088,661.0,207
W01,PR0089,420.0,160
W01,PR0090,334.0,125
W01,PR0091,256.0,128
W01,PR0092,808.0,131
W01,PR0093,379.0,103
W01,PR0094,,222
W01,PR0095,1292.0,183
W01,PR0096,204.0,69
W01,PR0097,284.0,571
W01,PR0098,415.0,203
W01,PR0099,555.0,160
W01,PR0100,323.0,297
W01,PR0101,124.0,379
W01,PR0102,451.0,337
W01,PR0103,485.0,302
W01,PR0104,161.0,448
W01,PR0105,219.0,253
W01,PR0106,512.0,261
W01,PR0107,813.0,257
W01,PR0108,641.0,72
W01,PR0109,451.0,113
W01,PR0110,,-10
W01,PR0111,111.0,79
W01,PR0112,221.0,128
W01,PR0113,823.0,150
W01,PR0114,389.0,141
W01,PR0115,1133.0,185
W01,PR0116,972.0,148
W01,PR0117,447.0,-10
W01,PR0118,209.0,454
W01,PR0119,141.0,176
W01,PR0120,208.0,167
W01,PR0121,190.0,128
W01,PR0122,0.0,140
W01,PR0123,337.0,325
W01,PR0124,186.0,49
W01,PR0125,,-10
W01,PR0126,423.0,272
W01,PR0127,591.0,103
W01,PR0128,405.0,506
W01,PR0129,882.0,262
W01,PR0130,646.0,187
W01,PR0131,247.0,385
W01,PR0132,522.0,133
W01,PR0133,,108
W01,PR0134,412.0,197
W01,PR0135,1208.0,287
W01,PR0136,196.0,80
W01,PR0137,192.0,312
W01,PR0138,131.0,60
W01,PR0139,821.0,296
W01,PR0140,836.0,426
W01,PR0141,733.0,461
W01,PR0142,,180
W01,PR0143,722.0,393
W01,PR0144,768.0,369
W01,PR0145,311.0,246
W01,PR0146,,181
W01,PR0147,383.0,377
W01,PR0148,338.0,121
W01,PR0149,231.0,36
W01,PR0150,652.0,299
W01,PR0151,376.0,150
W01,PR0152,442.0,75
W01,PR0153,93.0,52
W01,PR0154,175.0,943
W01,PR0155,143.0,-10
W01,PR0156,236.0,368
W01,PR0157,198.0,192
W01,PR0158,752.0,85
W01,PR0159,1094.0,242
W01,PR0160,628.0,29
W01,PR0161,253.0,146
W01,PR0162,240.0,179
W01,PR0163,176.0,336
W01,PR0164,385.0,103
W01,PR0165,480.0,384
W01,PR0166,365.0,113
W01,PR0167,180.0,89
W01,PR0168,731.0,120
W01,PR0169,136.0,110
W01,PR0170,594.0,335
W01,PR0171,549.0,371
W01,PR0172,156.0,268
W01,PR0173,636.0,129
W01,PR0174,368.0,312
W01,PR0175,448.0,297
W01,PR0176,0.0,74
W01,PR0177,646.0,87
W01,PR0178,116.0,280
W01,PR0179,501.0,52
W01,PR0180,73.0,352
W01,PR0181,526.0,74
W01,PR0182,1366.0,250
W01,PR0183,281.0,204
W01,PR0184,,411
W01,PR0185,600.0,212
W01,PR0186,203.0,282
W01,PR0187,488.0,534
W01,PR0188,331.0,164
W01,PR0189,374.0,389
W01,PR0190,235.0,115
W01,PR0191,589.0,163
W01,PR0192,1154.0,66
W01,PR0193,553.0,411
W01,PR0194,461.0,283
W01,PR0195,342.0,667
W01,PR0196,434.0,240
W01,PR0197,332.0,484
W01,PR0198,375.0,301
W01,PR0199,738.0,69
W01,PR0200,769.0,366
W01,PR0201,124.0,341
W01,PR0202,975.0,337
W01,PR0203,666.0,234
W01,PR0204,721.0,113
W01,PR0205,908.0,-10
W01,PR0206,188.0,97
W01,PR0207,367.0,209
W01,PR0208,244.0,46
W01,PR0209,359.0,260
W01,PR0210,325.0,143
W01,PR0211,635.0,-10
W01,PR0212,757.0,245
W01,PR0213,1009.0,304
W01,PR0214,472.0,375
W01,PR0215,669.0,199
W01,PR0216,170.0,-10
W01,PR0217,632.0,82
W01,PR0218,544.0,142
W01,PR0219,741.0,146
W01,PR0220,171.0,190
W01,PR0221,194.0,169
W01,PR0222,294.0,199
W01,PR0223,571.0,255
W01,PR0224,,315
W01,PR0225,,121
W01,PR0226,448.0,149
W01,PR0227,111.0,-10
W01,PR0228,159.0,269
W01,PR0229,464.0,222
W01,PR0230,703.0,303
W01,PR0231,,147
W01,PR0232,238.0,648
W01,PR0233,590.0,167
W01,PR0234,325.0,242
W01,PR0235,527.0,577
W01,PR0236,330.0,234
W01,PR0237,646.0,158
W01,PR0238,404.0,293
W01,PR0239,332.0,595
W01,PR0240,226.0,143
W01,PR0241,,435
W01,PR0242,199.0,167
W01,PR0243,309.0,51
W01,PR0244,428.0,260
W01,PR0245,575.0,174
W01,PR0246,45.0,96
W01,PR0247,562.0,141
W01,PR0248,1033.0,120
W01,PR0249,595.0,136
W01,PR0250,,107
W01,PR0251,0.0,437
W01,PR0252,1086.0,197
W01,PR0253,,79
W01,PR0254,949.0,296
W01,PR0255,344.0,355
W01,PR0256,705.0,243
W01,PR0257,1009.0,136
W01,PR0258,162.0,158
W01,PR0259,,66
W01,PR0260,515.0,695
W01,PR0261,415.0,403
W01,PR0262,245.0,266
W01,PR0263,476.0,292
W01,PR0264,0.0,273
W01,PR0265,458.0,172
W01,PR0266,297.0,278
W01,PR0267,369.0,387
W01,PR0268,274.0,120
W01,PR0269,187.0,338
W01,PR0270,0.0,525
W01,PR0271,304.0,-10
W01,PR0272,192.0,493
W01,PR0273,1185.0,367
W01,PR0274,1066.0,281
W01,PR0275,1138.0,949
W01,PR0276,727.0,157
W01,PR0277,470.0,75
W01,PR0278,420.0,206
W01,PR0279,,182
W01,PR0280,,90
W01,PR0281,416.0,260
W01,PR0282,218.0,250
W01,PR0283,390.0,153
W01,PR0284,378.0,302
W01,PR0285,170.0,186
W01,PR0286,182.0,248
W01,PR0287,512.0,268
W01,PR0288,252.0,476
W01,PR0289,1134.0,380
W01,PR0290,325.0,118
W01,PR0291,525.0,237
W01,PR0292,354.0,505
W01,PR0293,178.0,62
W01,PR0294,218.0,167
W01,PR0295,649.0,312
W01,PR0296,700.0,309
W01,PR0297,1249.0,323
W01,PR0298,372.0,151
W01,PR0299,0.0,128
W01,PR0300,,112
W02,PR0001,641.0,124
W02,PR0002,,364
W02,PR0003,472.0,302
W02,PR0004,275.0,314
W02,PR0005,418.0,-10
W02,PR0006,0.0,237
W02,PR0007,273.0,193
W02,PR0008,570.0,33
W02,PR0009,1428.0,97
W02,PR0010,303.0,317
W02,PR0011,105.0,356
W02,PR0012,481.0,154
W02,PR0013,822.0,422
W02,PR0014,380.0,265
W02,PR0015,908.0,251
W02,PR0016,611.0,44
W02,PR0017,608.0,361
W02,PR0018,565.0,185
W02,PR0019,403.0,321
W02,PR0020,1064.0,-10
W02,PR0021,326.0,83
W02,PR0022,535.0,55
W02,PR0023,,181
W02,PR0024,420.0,164
W02,PR0025,284.0,-10
W02,PR0026,694.0,149
W02,PR0027,,755
W02,PR0028,228.0,-10
W02,PR0029,400.0,68
W02,PR0030,518.0,145
W02,PR0031,558.0,188
W02,PR0032,1087.0,219
W02,PR0033,933.0,163
W02,PR0034,750.0,114
W02,PR0035,431.0,188
W02,PR0036,246.0,205
W02,PR0037,516.0,174
W02,PR0038,1176.0,76
W02,PR0039,262.0,532
W02,PR0040,,549
W02,PR0041,249.0,73
W02,PR0042,538.0,374
W02,PR0043,765.0,224
W02,PR0044,692.0,288
W02,PR0045,801.0,96
W02,PR0046,286.0,69
W02,PR0047,542.0,269
W02,PR0048,162.0,350
W02,PR0049,592.0,363
W02,PR0050,1115.0,111
W02,PR0051,93.0,79
W02,PR0052,0.0,561
W02,PR0053,856.0,166
W02,PR0054,436.0,393
W02,PR0055,379.0,310
W02,PR0056,,243
W02,PR0057,327.0,259
W02,PR0058,198.0,456
W02,PR0059,1249.0,225
W02,PR0060,499.0,267
W02,PR0061,432.0,377
W02,PR0062,353.0,239
W02,PR0063,420.0,292
W02,PR0064,432.0,539
W02,PR0065,628.0,518
W02,PR0066,166.0,117
W02,PR0067,461.0,259
W02,PR0068,739.0,196
W02,PR0069,372.0,485
W02,PR0070,692.0,105
W02,PR0071,661.0,87
W02,PR0072,185.0,393
W02,PR0073,792.0,227
W02,PR0074,992.0,444
W02,PR0075,1429.0,466
W02,PR0076,245.0,149
W02,PR0077,707.0,20
W02,PR0078,453.0,308
W02,PR0079,657.0,129
W02,PR0080,643.0,421
W02,PR0081,641.0,303
W02,PR0082,656.0,214
W02,PR0083,1141.0,222
W02,PR0084,210.0,115
W02,PR0085,869.0,251
W02,PR0086,875.0,114
W02,PR0087,1335.0,112
W02,PR0088,1651.0,374
W02,PR0089,916.0,209
W02,PR0090,1440.0,290
W02,PR0091,538.0,84
W02,PR0092,,270
W02,PR0093,905.0,122
W02,PR0094,697.0,252
W02,PR0095,289.0,158
W02,PR0096,1076.0,464
W02,PR0097,,93
W02,PR0098,929.0,223
W02,PR0099,377.0,104
W02,PR0100,0.0,240
W02,PR0101,353.0,50
W02,PR0102,1124.0,303
W02,PR0103,549.0,227
W02,PR0104,,397
W02,PR0105,479.0,91
W02,PR0106,903.0,218
W02,PR0107,556.0,294
W02,PR0108,175.0,495
W02,PR0109,410.0,455
W02,PR0110,584.0,39
W02,PR0111,379.0,362
W02,PR0112,,118
W02,PR0113,1106.0,352
W02,PR0114,369.0,611
W02,PR0115,443.0,619
W02,PR0116,501.0,163
W02,PR0117,115.0,457
W02,PR0118,648.0,30
W02,PR0119,462.0,211
W02,PR0120,956.0,334
W02,PR0121,0.0,442
W02,PR0122,147.0,150
W02,PR0123,379.0,334
W02,PR0124,405.0,254
W02,PR0125,1970.0,214
W02,PR0126,1253.0,297
W02,PR0127,846.0,210
W02,PR0128,261.0,172
W02,PR0129,1206.0,59
W02,PR0130,,434
W02,PR0131,1217.0,415
W02,PR0132,287.0,96
W02,PR0133,2118.0,284
W02,PR0134,529.0,242
W02,PR0135,501.0,86
W02,PR0136,743.0,597
W02,PR0137,1477.0,170
W02,PR0138,990.0,37
W02,PR0139,1004.0,28
W02,PR0140,135.0,197
W02,PR0141,364.0,204
W02,PR0142,,305
W02,PR0143,152.0,261
W02,PR0144,,444
W02,PR0145,462.0,210
W02,PR0146,641.0,26
W02,PR0147,446.0,338
W02,PR0148,0.0,51
W02,PR0149,360.0,179
W02,PR0150,424.0,325
W02,PR0151,,403
W02,PR0152,410.0,208
W02,PR0153,687.0,291
W02,PR0154,649.0,160
W02,PR0155,885.0,81
W02,PR0156,277.0,208
W02,PR0157,601.0,293
W02,PR0158,280.0,49
W02,PR0159,,369
W02,PR0160,229.0,536
W02,PR0161,531.0,121
W02,PR0162,,265
W02,PR0163,242.0,277
W02,PR0164,236.0,311
W02,PR0165,136.0,595
W02,PR0166,714.0,233
W02,PR0167,288.0,352
W02,PR0168,288.0,279
W02,PR0169,,135
W02,PR0170,908.0,148
W02,PR0171,459.0,80
W02,PR0172,256.0,93
W02,PR0173,206.0,203
W02,PR0174,649.0,33
W02,PR0175,540.0,230
W02,PR0176,224.0,123
W02,PR0177,644.0,290
W02,PR0178,212.0,237
W02,PR0179,1050.0,101
W02,PR0180,,291
W02,PR0181,161.0,92
W02,PR0182,718.0,372
W02,PR0183,521.0,131
W02,PR0184,0.0,315
W02,PR0185,348.0,215
W02,PR0186,485.0,583
W02,PR0187,255.0,-10
W02,PR0188,,619
W02,PR0189,518.0,109
W02,PR0190,284.0,334
W02,PR0191,290.0,225
W02,PR0192,473.0,179
W02,PR0193,738.0,228
W02,PR0194,159.0,226
W02,PR0195,356.0,219
W02,PR0196,163.0,277
W02,PR0197,726.0,449
W02,PR0198,261.0,439
W02,PR0199,423.0,28
W02,PR0200,711.0,225
W02,PR0201,0.0,214
W02,PR0202,277.0,78
W02,PR0203,488.0,149
W02,PR0204,252.0,133
W02,PR0205,692.0,161
W02,PR0206,420.0,843
W02,PR0207,150.0,32
W02,PR0208,411.0,318
W02,PR0209,1586.0,115
W02,PR0210,491.0,134
W02,PR0211,203.0,76
W02,PR0212,340.0,503
W02,PR0213,743.0,166
W02,PR0214,833.0,315
W02,PR0215,499.0,153
W02,PR0216,914.0,300
W02,PR0217,597.0,234
W02,PR0218,556.0,242
W02,PR0219,153.0,336
W02,PR0220,757.0,285
W02,PR0221,334.0,254
W02,PR0222,632.0,467
W02,PR0223,224.0,292
W02,PR0224,954.0,88
W02,PR0225,288.0,261
W02,PR0226,647.0,114
W02,PR0227,,167
W02,PR0228,,156
W02,PR0229,358.0,412
W02,PR0230,1435.0,266
W02,PR0231,142.0,157
W02,PR0232,558.0,324
W02,PR0233,633.0,317
W02,PR0234,552.0,122
W02,PR0235,624.0,-10
W02,PR0236,405.0,172
W02,PR0237,1374.0,312
W02,PR0238,332.0,275
W02,PR0239,574.0,201
W02,PR0240,157.0,184
W02,PR0241,957.0,162
W02,PR0242,775.0,72
W02,PR0243,735.0,660
W02,PR0244,1202.0,256
W02,PR0245,812.0,81
W02,PR0246,408.0,-10
W02,PR0247,540.0,282
W02,PR0248,419.0,259
W02,PR0249,690.0,109
W02,PR0250,223.0,624
W02,PR0251,519.0,122
W02,PR0252,192.0,284
W02,PR0253,,405
W02,PR0254,0.0,225
W02,PR0255,465.0,124
W02,PR0256,363.0,226
W02,PR0257,,300
W02,PR0258,1414.0,233
W02,PR0259,201.0,125
W02,PR0260,,318
W02,PR0261,853.0,299
W02,PR0262,944.0,47
W02,PR0263,671.0,78
W02,PR0264,565.0,262
W02,PR0265,225.0,242
W02,PR0266,737.0,29
W02,PR0267,701.0,271
W02,PR0268,,135
W02,PR0269,468.0,103
W02,PR0270,278.0,387
W02,PR0271,,214
W02,PR0272,57.0,442
W02,PR0273,143.0,469
W02,PR0274,87.0,285
W02,PR0275,432.0,198
W02,PR0276,264.0,211
W02,PR0277,144.0,70
W02,PR0278,136.0,225
W02,PR0279,296.0,401
W02,PR0280,434.0,233
W02,PR0281,518.0,220
W02,PR0282,0.0,99
W02,PR0283,647.0,210
W02,PR0284,799.0,56
W02,PR0285,179.0,199
W02,PR0286,298.0,108
W02,PR0287,597.0,494
W02,PR0288,0.0,268
W02,PR0289,804.0,74
W02,PR0290,272.0,361
W02,PR0291,998.0,290
W02,PR0292,769.0,511
W02,PR0293,544.0,112
W02,PR0294,167.0,49
W02,PR0295,295.0,311
W02,PR0296,191.0,209
W02,PR0297,907.0,169
W02,PR0298,476.0,372
W02,PR0299,439.0,82
W02,PR0300,1060.0,513
W03,PR0001,130.0,57
W03,PR0002,593.0,203
W03,PR0003,766.0,233
W03,PR0004,323.0,334
W03,PR0005,1106.0,107
W03,PR0006,552.0,398
W03,PR0007,591.0,77
W03,PR0008,,317
W03,PR0009,530.0,447
W03,PR0010,590.0,154
W03,PR0011,1455.0,63
W03,PR0012,431.0,130
W03,PR0013,590.0,339
W03,PR0014,733.0,360
W03,PR0015,,149
W03,PR0016,,-10
W03,PR0017,261.0,296
W03,PR0018,104.0,257
W03,PR0019,467.0,152
W03,PR0020,187.0,168
W03,PR0021,520.0,495
W03,PR0022,509.0,168
W03,PR0023,973.0,264
W03,PR0024,,272
W03,PR0025,,143
W03,PR0026,162.0,90
W03,PR0027,0.0,279
W03,PR0028,314.0,567
W03,PR0029,526.0,207
W03,PR0030,759.0,110
W03,PR0031,820.0,283
W03,PR0032,180.0,188
W03,PR0033,0.0,838
W03,PR0034,419.0,787
W03,PR0035,,439
W03,PR0036,556.0,182
W03,PR0037,576.0,76
W03,PR0038,751.0,57
W03,PR0039,74.0,589
W03,PR0040,379.0,-10
W03,PR0041,,88
W03,PR0042,0.0,425
W03,PR0043,1285.0,210
W03,PR0044,755.0,123
W03,PR0045,539.0,272
W03,PR0046,265.0,452
W03,PR0047,729.0,173
W03,PR0048,374.0,196
W03,PR0049,745.0,76
W03,PR0050,433.0,100
W03,PR0051,355.0,214
W03,PR0052,0.0,343
W03,PR0053,,118
W03,PR0054,617.0,-10
W03,PR0055,795.0,147
W03,PR0056,603.0,43
W03,PR0057,459.0,113
W03,PR0058,,152
W03,PR0059,0.0,192
W03,PR0060,232.0,20
W03,PR0061,266.0,107
W03,PR0062,495.0,490
W03,PR0063,567.0,196
W03,PR0064,228.0,540
W03,PR0065,571.0,90
W03,PR0066,509.0,323
W03,PR0067,485.0,217
W03,PR0068,539.0,492
W03,PR0069,1338.0,198
W03,PR0070,723.0,107
W03,PR0071,966.0,193
W03,PR0072,837.0,166
W03,PR0073,540.0,14
W03,PR0074,480.0,72
W03,PR0075,323.0,195
W03,PR0076,771.0,-10
W03,PR0077,428.0,186
W03,PR0078,486.0,410
W03,PR0079,599.0,101
W03,PR0080,340.0,370
W03,PR0081,832.0,120
W03,PR0082,559.0,187
W03,PR0083,399.0,79
W03,PR0084,358.0,63
W03,PR0085,1025.0,126
W03,PR0086,,456
W03,PR0087,843.0,163
W03,PR0088,,198
W03,PR0089,338.0,208
W03,PR0090,293.0,446
W03,PR0091,801.0,129
W03,PR0092,717.0,605
W03,PR0093,634.0,349
W03,PR0094,,528
W03,PR0095,311.0,213
W03,PR0096,562.0,318
W03,PR0097,306.0,470
W03,PR0098,186.0,247
W03,PR0099,448.0,91
W03,PR0100,143.0,202
W03,PR0101,561.0,87
W03,PR0102,1305.0,479
W03,PR0103,189.0,193
W03,PR0104,439.0,104
W03,PR0105,,252
W03,PR0106,,176
W03,PR0107,333.0,265
W03,PR0108,428.0,37
W03,PR0109,255.0,124
W03,PR0110,491.0,365
W03,PR0111,796.0,582
W03,PR0112,,128
W03,PR0113,553.0,472
W03,PR0114,1004.0,386
W03,PR0115,375.0,-10
W03,PR0116,338.0,55
W03,PR0117,920.0,159
W03,PR0118,128.0,111
W03,PR0119,371.0,452
W03,PR0120,119.0,95
W03,PR0121,643.0,80
W03,PR0122,570.0,233
W03,PR0123,367.0,249
W03,PR0124,157.0,381
W03,PR0125,265.0,170
W03,PR0126,1022.0,124
W03,PR0127,356.0,183
W03,PR0128,651.0,308
W03,PR0129,417.0,321
W03,PR0130,0.0,186
W03,PR0131,610.0,42
W03,PR0132,332.0,645
W03,PR0133,305.0,110
W03,PR0134,1198.0,96
W03,PR0135,652.0,133
W03,PR0136,456.0,362
W03,PR0137,111.0,334
W03,PR0138,0.0,239
W03,PR0139,171.0,320
W03,PR0140,1169.0,300
W03,PR0141,734.0,107
W03,PR0142,,277
W03,PR0143,643.0,517
W03,PR0144,329.0,402
W03,PR0145,0.0,140
W03,PR0146,494.0,338
W03,PR0147,750.0,269
W03,PR0148,528.0,170
W03,PR0149,708.0,199
W03,PR0150,173.0,415
W03,PR0151,276.0,210
W03,PR0152,308.0,294
W03,PR0153,35.0,74
W03,PR0154,603.0,300
W03,PR0155,512.0,750
W03,PR0156,613.0,140
W03,PR0157,650.0,121
W03,PR0158,,496
W03,PR0159,237.0,58
W03,PR0160,293.0,164
W03,PR0161,531.0,287
W03,PR0162,177.0,113
W03,PR0163,223.0,215
W03,PR0164,177.0,238
W03,PR0165,258.0,120
W03,PR0166,253.0,151
W03,PR0167,1033.0,56
W03,PR0168,792.0,136
W03,PR0169,400.0,24
W03,PR0170,759.0,90
W03,PR0171,414.0,193
W03,PR0172,,150
W03,PR0173,,186
W03,PR0174,606.0,190
W03,PR0175,654.0,792
W03,PR0176,953.0,93
W03,PR0177,,459
W03,PR0178,620.0,151
W03,PR0179,388.0,269
W03,PR0180,0.0,636
W03,PR0181,382.0,183
W03,PR0182,468.0,133
W03,PR0183,398.0,160
W03,PR0184,444.0,242
W03,PR0185,721.0,444
W03,PR0186,1090.0,737
W03,PR0187,352.0,62
W03,PR0188,,111
W03,PR0189,1091.0,51
W03,PR0190,199.0,248
W03,PR0191,1039.0,84
W03,PR0192,181.0,181
W03,PR0193,367.0,500
W03,PR0194,72.0,472
W03,PR0195,723.0,283
W03,PR0196,367.0,195
W03,PR0197,888.0,198
W03,PR0198,385.0,379
W03,PR0199,466.0,246
W03,PR0200,1769.0,350
W03,PR0201,84.0,140
W03,PR0202,267.0,456
W03,PR0203,34.0,325
W03,PR0204,0.0,78
W03,PR0205,471.0,150
W03,PR0206,488.0,78
W03,PR0207,1256.0,293
W03,PR0208,309.0,155
W03,PR0209,579.0,227
W03,PR0210,199.0,264
W03,PR0211,269.0,86
W03,PR0212,301.0,501
W03,PR0213,293.0,554
W03,PR0214,393.0,393
W03,PR0215,1272.0,246
W03,PR0216,,80
W03,PR0217,598.0,188
W03,PR0218,675.0,67
W03,PR0219,473.0,259
W03,PR0220,392.0,56
W03,PR0221,277.0,121
W03,PR0222,333.0,132
W03,PR0223,881.0,83
W03,PR0224,1051.0,113
W03,PR0225,832.0,702
W03,PR0226,524.0,257
W03,PR0227,358.0,657
W03,PR0228,383.0,185
W03,PR0229,334.0,169
W03,PR0230,,415
W03,PR0231,220.0,373
W03,PR0232,180.0,247
W03,PR0233,743.0,516
W03,PR0234,565.0,274
W03,PR0235,147.0,252
W03,PR0236,217.0,84
W03,PR0237,35.0,194
W03,PR0238,280.0,122
W03,PR0239,,164
W03,PR0240,416.0,76
W03,PR0241,,230
W03,PR0242,143.0,227
W03,PR0243,512.0,14
W03,PR0244,389.0,258
W03,PR0245,885.0,246
W03,PR0246,301.0,560
W03,PR0247,1191.0,292
W03,PR0248,885.0,269
W03,PR0249,851.0,300
W03,PR0250,565.0,217
W03,PR0251,716.0,137
W03,PR0252,,243
W03,PR0253,,493
W03,PR0254,908.0,400
W03,PR0255,334.0,129
W03,PR0256,665.0,251
W03,PR0257,0.0,186
W03,PR0258,542.0,117
W03,PR0259,399.0,224
W03,PR0260,584.0,-10
W03,PR0261,,249
W03,PR0262,306.0,362
W03,PR0263,569.0,53
W03,PR0264,322.0,426
W03,PR0265,529.0,100
W03,PR0266,686.0,479
W03,PR0267,578.0,392
W03,PR0268,341.0,260
W03,PR0269,140.0,205
W03,PR0270,160.0,293
W03,PR0271,752.0,323
W03,PR0272,310.0,278
W03,PR0273,667.0,53
W03,PR0274,517.0,168
W03,PR0275,224.0,63
W03,PR0276,681.0,362
W03,PR0277,61.0,-10
W03,PR0278,976.0,439
W03,PR0279,0.0,167
W03,PR0280,373.0,555
W03,PR0281,620.0,101
W03,PR0282,1034.0,293
W03,PR0283,824.0,128
W03,PR0284,441.0,137
W03,PR0285,158.0,428
W03,PR0286,761.0,425
W03,PR0287,,294
W03,PR0288,413.0,129
W03,PR0289,,157
W03,PR0290,499.0,187
W03,PR0291,,581
W03,PR0292,676.0,151
W03,PR0293,272.0,137
W03,PR0294,,391
W03,PR0295,,243
W03,PR0296,279.0,87
W03,PR0297,0.0,221
W03,PR0298,800.0,316
W03,PR0299,1197.0,245
W03,PR0300,384.0,180
W04,PR0001,560.0,80
W04,PR0002,361.0,568
W04,PR0003,614.0,120
W04,PR0004,,279
W04,PR0005,,182
W04,PR0006,263.0,125
W04,PR0007,312.0,285
W04,PR0008,267.0,261
W04,PR0009,231.0,211
W04,PR0010,469.0,-10
W04,PR0011,526.0,245
W04,PR0012,920.0,506
W04,PR0013,804.0,211
W04,PR0014,,143
W04,PR0015,,256
W04,PR0016,1399.0,275
W04,PR0017,,78
W04,PR0018,534.0,210
W04,PR0019,151.0,257
W04,PR0020,713.0,217
W04,PR0021,329.0,-10
W04,PR0022,255.0,158
W04,PR0023,949.0,349
W04,PR0024,681.0,218
W04,PR0025,523.0,303
W04,PR0026,227.0,192
W04,PR0027,321.0,552
W04,PR0028,884.0,36
W04,PR0029,191.0,53
W04,PR0030,372.0,569
W04,PR0031,541.0,-10
W04,PR0032,166.0,375
W04,PR0033,497.0,114
W04,PR0034,1158.0,96
W04,PR0035,422.0,101
W04,PR0036,554.0,225
W04,PR0037,505.0,84
W04,PR0038,253.0,343
W04,PR0039,236.0,219
W04,PR0040,353.0,420
W04,PR0041,,1046
W04,PR0042,723.0,134
W04,PR0043,340.0,442
W04,PR0044,564.0,-10
W04,PR0045,595.0,871
W04,PR0046,146.0,243
W04,PR0047,303.0,265
W04,PR0048,998.0,141
W04,PR0049,494.0,324
W04,PR0050,601.0,323
W04,PR0051,292.0,288
W04,PR0052,226.0,565
W04,PR0053,267.0,236
W04,PR0054,136.0,498
W04,PR0055,183.0,256
W04,PR0056,133.0,153
W04,PR0057,291.0,228
W04,PR0058,327.0,319
W04,PR0059,527.0,450
W04,PR0060,,28
W04,PR0061,256.0,235
W04,PR0062,819.0,79
W04,PR0063,,204
W04,PR0064,911.0,204
W04,PR0065,,236
W04,PR0066,,131
W04,PR0067,580.0,138
W04,PR0068,288.0,147
W04,PR0069,,78
W04,PR0070,540.0,303
W04,PR0071,245.0,215
W04,PR0072,642.0,649
W04,PR0073,1027.0,191
W04,PR0074,394.0,314
W04,PR0075,809.0,-10
W04,PR0076,684.0,164
W04,PR0077,502.0,-10
W04,PR0078,131.0,327
W04,PR0079,,57
W04,PR0080,,97
W04,PR0081,1402.0,204
W04,PR0082,142.0,397
W04,PR0083,,159
W04,PR0084,778.0,254
W04,PR0085,620.0,447
W04,PR0086,343.0,288
W04,PR0087,,199
W04,PR0088,574.0,207
W04,PR0089,594.0,159
W04,PR0090,332.0,-10
W04,PR0091,381.0,120
W04,PR0092,543.0,522
W04,PR0093,386.0,198
W04,PR0094,239.0,168
W04,PR0095,648.0,213
W04,PR0096,946.0,125
W04,PR0097,837.0,256
W04,PR0098,,348
W04,PR0099,124.0,-10
W04,PR0100,107.0,133
W04,PR0101,882.0,103
W04,PR0102,926.0,181
W04,PR0103,551.0,-10
W04,PR0104,656.0,236
W04,PR0105,508.0,238
W04,PR0106,830.0,803
W04,PR0107,383.0,223
W04,PR0108,466.0,328
W04,PR0109,223.0,96
W04,PR0110,,182
W04,PR0111,,295
W04,PR0112,1581.0,154
W04,PR0113,509.0,21
W04,PR0114,544.0,320
W04,PR0115,256.0,149
W04,PR0116,210.0,351
W04,PR0117,469.0,321
W04,PR0118,614.0,182
W04,PR0119,,182
W04,PR0120,437.0,313
W04,PR0121,464.0,139
W04,PR0122,952.0,275
W04,PR0123,751.0,516
W04,PR0124,244.0,218
W04,PR0125,681.0,172
W04,PR0126,468.0,126
W04,PR0127,386.0,266
W04,PR0128,1073.0,131
W04,PR0129,738.0,190
W04,PR0130,1250.0,332
W04,PR0131,424.0,149
W04,PR0132,,121
W04,PR0133,119.0,670
W04,PR0134,,91
W04,PR0135,314.0,453
W04,PR0136,,433
W04,PR0137,523.0,201
W04,PR0138,543.0,98
W04,PR0139,328.0,444
W04,PR0140,512.0,236
W04,PR0141,1312.0,558
W04,PR0142,304.0,345
W04,PR0143,364.0,347
W04,PR0144,429.0,151
W04,PR0145,412.0,45
W04,PR0146,,193
W04,PR0147,478.0,203
W04,PR0148,393.0,89
W04,PR0149,364.0,306
W04,PR0150,0.0,52
W04,PR0151,,336
W04,PR0152,1577.0,64
W04,PR0153,188.0,78
W04,PR0154,528.0,68
W04,PR0155,153.0,357
W04,PR0156,426.0,313
W04,PR0157,,424
W04,PR0158,291.0,270
W04,PR0159,288.0,260
W04,PR0160,328.0,279
W04,PR0161,554.0,278
W04,PR0162,130.0,213
W04,PR0163,346.0,306
W04,PR0164,510.0,385
W04,PR0165,326.0,165
W04,PR0166,978.0,241
W04,PR0167,452.0,295
W04,PR0168,416.0,169
W04,PR0169,,81
W04,PR0170,430.0,107
W04,PR0171,884.0,468
W04,PR0172,160.0,267
W04,PR0173,505.0,327
W04,PR0174,666.0,202
W04,PR0175,341.0,466
W04,PR0176,531.0,110
W04,PR0177,661.0,234
W04,PR0178,713.0,353
W04,PR0179,592.0,235
W04,PR0180,608.0,480
W04,PR0181,264.0,355
W04,PR0182,510.0,115
W04,PR0183,343.0,99
W04,PR0184,325.0,382
W04,PR0185,,364
W04,PR0186,563.0,274
W04,PR0187,451.0,195
W04,PR0188,,148
W04,PR0189,286.0,129
W04,PR0190,597.0,173
W04,PR0191,565.0,211
W04,PR0192,884.0,273
W04,PR0193,166.0,213
W04,PR0194,271.0,133
W04,PR0195,1551.0,633
W04,PR0196,1247.0,232
W04,PR0197,667.0,274
W04,PR0198,454.0,440
W04,PR0199,283.0,222
W04,PR0200,353.0,219
W04,PR0201,372.0,395
W04,PR0202,415.0,435
W04,PR0203,321.0,213
W04,PR0204,614.0,222
W04,PR0205,1330.0,269
W04,PR0206,0.0,-10
W04,PR0207,,301
W04,PR0208,296.0,194
W04,PR0209,537.0,649
W04,PR0210,,298
W04,PR0211,388.0,243
W04,PR0212,1046.0,-10
W04,PR0213,472.0,286
W04,PR0214,,166
W04,PR0215,327.0,187
W04,PR0216,77.0,19
W04,PR0217,741.0,305
W04,PR0218,0.0,266
W04,PR0219,,357
W04,PR0220,743.0,249
W04,PR0221,502.0,75
W04,PR0222,844.0,300
W04,PR0223,336.0,321
W04,PR0224,972.0,122
W04,PR0225,431.0,428
W04,PR0226,542.0,253
W04,PR0227,746.0,114
W04,PR0228,244.0,358
W04,PR0229,901.0,195
W04,PR0230,406.0,147
W04,PR0231,405.0,402
W04,PR0232,0.0,173
W04,PR0233,,126
W04,PR0234,190.0,373
W04,PR0235,1490.0,299
W04,PR0236,708.0,511
W04,PR0237,792.0,296
W04,PR0238,471.0,154
W04,PR0239,0.0,532
W04,PR0240,202.0,231
W04,PR0241,455.0,204
W04,PR0242,208.0,129
W04,PR0243,,164
W04,PR0244,278.0,58
W04,PR0245,576.0,426
W04,PR0246,,141
W04,PR0247,805.0,539
W04,PR0248,95.0,140
W04,PR0249,198.0,76
W04,PR0250,534.0,236
W04,PR0251,936.0,472
W04,PR0252,62.0,142
W04,PR0253,128.0,151
W04,PR0254,1055.0,43
W04,PR0255,430.0,222
W04,PR0256,156.0,436
W04,PR0257,100.0,309
W04,PR0258,371.0,61
W04,PR0259,406.0,546
W04,PR0260,204.0,145
W04,PR0261,476.0,333
W04,PR0262,222.0,125
W04,PR0263,529.0,131
W04,PR0264,396.0,164
W04,PR0265,715.0,78
W04,PR0266,357.0,130
W04,PR0267,340.0,231
W04,PR0268,0.0,86
W04,PR0269,714.0,161
W04,PR0270,528.0,137
W04,PR0271,492.0,63
W04,PR0272,550.0,21
W04,PR0273,357.0,264
W04,PR0274,303.0,67
W04,PR0275,91.0,257
W04,PR0276,327.0,152
W04,PR0277,,89
W04,PR0278,,368
W04,PR0279,269.0,562
W04,PR0280,544.0,221
W04,PR0281,324.0,118
W04,PR0282,1358.0,658
W04,PR0283,0.0,163
W04,PR0284,241.0,338
W04,PR0285,219.0,73
W04,PR0286,1223.0,178
W04,PR0287,896.0,115
W04,PR0288,232.0,511
W04,PR0289,298.0,177
W04,PR0290,,161
W04,PR0291,182.0,107
W04,PR0292,,185
W04,PR0293,364.0,38
W04,PR0294,585.0,200
W04,PR0295,456.0,410
W04,PR0296,281.0,301
W04,PR0297,120.0,273
W04,PR0298,593.0,161
W04,PR0299,509.0,302
W04,PR0300,331.0,255
W05,PR0001,635.0,458
W05,PR0002,,380
W05,PR0003,781.0,262
W05,PR0004,777.0,287
W05,PR0005,162.0,278
W05,PR0006,1337.0,22
W05,PR0007,560.0,64
W05,PR0008,,276
W05,PR0009,0.0,180
W05,PR0010,1149.0,389
W05,PR0011,208.0,150
W05,PR0012,330.0,120
W05,PR0013,594.0,46
W05,PR0014,608.0,807
W05,PR0015,1237.0,322
W05,PR0016,379.0,792
W05,PR0017,1318.0,203
W05,PR0018,755.0,169
W05,PR0019,613.0,193
W05,PR0020,225.0,-10
W05,PR0021,749.0,87
W05,PR0022,357.0,243
W05,PR0023,193.0,302
W05,PR0024,,223
W05,PR0025,300.0,286
W05,PR0026,263.0,436
W05,PR0027,690.0,400
W05,PR0028,806.0,292
W05,PR0029,754.0,118
W05,PR0030,263.0,276
W05,PR0031,200.0,133
W05,PR0032,431.0,61
W05,PR0033,914.0,23
W05,PR0034,0.0,108
W05,PR0035,1101.0,239
W05,PR0036,195.0,80
W05,PR0037,542.0,266
W05,PR0038,1097.0,122
W05,PR0039,1176.0,26
W05,PR0040,607.0,264
W05,PR0041,314.0,139
W05,PR0042,,465
W05,PR0043,509.0,74
W05,PR0044,525.0,212
W05,PR0045,120.0,82
W05,PR0046,824.0,125
W05,PR0047,972.0,256
W05,PR0048,1240.0,201
W05,PR0049,307.0,311
W05,PR0050,698.0,145
W05,PR0051,678.0,775
W05,PR0052,,327
W05,PR0053,307.0,138
W05,PR0054,304.0,162
W05,PR0055,450.0,458
W05,PR0056,291.0,185
W05,PR0057,359.0,708
W05,PR0058,231.0,346
W05,PR0059,602.0,365
W05,PR0060,853.0,282
W05,PR0061,495.0,398
W05,PR0062,261.0,279
W05,PR0063,957.0,62
W05,PR0064,432.0,552
W05,PR0065,,150
W05,PR0066,0.0,949
W05,PR0067,1653.0,395
W05,PR0068,364.0,344
W05,PR0069,461.0,277
W05,PR0070,598.0,653
W05,PR0071,374.0,278
W05,PR0072,350.0,52
W05,PR0073,464.0,188
W05,PR0074,671.0,178
W05,PR0075,401.0,50
W05,PR0076,445.0,137
W05,PR0077,1095.0,148
W05,PR0078,625.0,575
W05,PR0079,216.0,287
W05,PR0080,488.0,251
W05,PR0081,,269
W05,PR0082,491.0,-10
W05,PR0083,790.0,111
W05,PR0084,417.0,257
W05,PR0085,609.0,111
W05,PR0086,117.0,73
W05,PR0087,318.0,466
W05,PR0088,86.0,132
W05,PR0089,398.0,110
W05,PR0090,91.0,404
W05,PR0091,689.0,78
W05,PR0092,328.0,87
W05,PR0093,472.0,112
W05,PR0094,238.0,99
W05,PR0095,305.0,255
W05,PR0096,420.0,493
W05,PR0097,,535
W05,PR0098,231.0,156
W05,PR0099,,209
W05,PR0100,257.0,170
W05,PR0101,940.0,646
W05,PR0102,530.0,302
W05,PR0103,793.0,245
W05,PR0104,511.0,263
W05,PR0105,422.0,389
W05,PR0106,75.0,57
W05,PR0107,420.0,651
W05,PR0108,494.0,444
W05,PR0109,235.0,203
W05,PR0110,666.0,424
W05,PR0111,778.0,75
W05,PR0112,256.0,-10
W05,PR0113,,61
W05,PR0114,571.0,248
W05,PR0115,562.0,373
W05,PR0116,847.0,-10
W05,PR0117,1181.0,186
W05,PR0118,628.0,258
W05,PR0119,,154
W05,PR0120,665.0,393
W05,PR0121,350.0,342
W05,PR0122,715.0,144
W05,PR0123,240.0,208
W05,PR0124,543.0,385
W05,PR0125,599.0,292
W05,PR0126,829.0,245
W05,PR0127,620.0,120
W05,PR0128,481.0,108
W05,PR0129,257.0,304
W05,PR0130,609.0,79
W05,PR0131,0.0,77
W05,PR0132,635.0,519
W05,PR0133,255.0,357
W05,PR0134,524.0,221
W05,PR0135,1223.0,95
W05,PR0136,421.0,281
W05,PR0137,753.0,120
W05,PR0138,982.0,174
W05,PR0139,,96
W05,PR0140,281.0,196
W05,PR0141,233.0,573
W05,PR0142,399.0,146
W05,PR0143,448.0,129
W05,PR0144,579.0,272
W05,PR0145,424.0,152
W05,PR0146,461.0,450
W05,PR0147,422.0,225
W05,PR0148,0.0,438
W05,PR0149,426.0,186
W05,PR0150,828.0,154
W05,PR0151,178.0,59
W05,PR0152,768.0,439
W05,PR0153,,59
W05,PR0154,494.0,167
W05,PR0155,752.0,114
W05,PR0156,506.0,443
W05,PR0157,180.0,197
W05,PR0158,0.0,730
W05,PR0159,346.0,341
W05,PR0160,,380
W05,PR0161,786.0,10
W05,PR0162,471.0,42
W05,PR0163,907.0,190
W05,PR0164,0.0,464
W05,PR0165,581.0,566
W05,PR0166,,187
W05,PR0167,615.0,87
W05,PR0168,0.0,142
W05,PR0169,312.0,154
W05,PR0170,414.0,291
W05,PR0171,151.0,79
W05,PR0172,1118.0,109
W05,PR0173,623.0,312
W05,PR0174,426.0,281
W05,PR0175,645.0,319
W05,PR0176,595.0,-10
W05,PR0177,0.0,199
W05,PR0178,754.0,328
W05,PR0179,670.0,147
W05,PR0180,302.0,258
W05,PR0181,503.0,-10
W05,PR0182,482.0,218
W05,PR0183,449.0,656
W05,PR0184,341.0,240
W05,PR0185,440.0,511
W05,PR0186,482.0,195
W05,PR0187,786.0,48
W05,PR0188,480.0,598
W05,PR0189,1069.0,127
W05,PR0190,308.0,194
W05,PR0191,868.0,431
W05,PR0192,317.0,814
W05,PR0193,521.0,218
W05,PR0194,179.0,633
W05,PR0195,792.0,373
W05,PR0196,975.0,182
W05,PR0197,778.0,135
W05,PR0198,614.0,287
W05,PR0199,212.0,220
W05,PR0200,737.0,315
W05,PR0201,784.0,164
W05,PR0202,1432.0,127
W05,PR0203,,556
W05,PR0204,,423
W05,PR0205,689.0,354
W05,PR0206,660.0,214
W05,PR0207,681.0,230
W05,PR0208,715.0,84
W05,PR0209,0.0,284
W05,PR0210,1393.0,327
W05,PR0211,,222
W05,PR0212,803.0,325
W05,PR0213,392.0,138
W05,PR0214,392.0,98
W05,PR0215,979.0,96
W05,PR0216,688.0,523
W05,PR0217,638.0,-10
W05,PR0218,130.0,144
W05,PR0219,277.0,293
W05,PR0220,240.0,282
W05,PR0221,392.0,746
W05,PR0222,504.0,185
W05,PR0223,369.0,113
W05,PR0224,491.0,218
W05,PR0225,490.0,159
W05,PR0226,143.0,259
W05,PR0227,258.0,296
W05,PR0228,362.0,93
W05,PR0229,297.0,81
W05,PR0230,735.0,68
W05,PR0231,299.0,384
W05,PR0232,479.0,200
W05,PR0233,,130
W05,PR0234,423.0,253
W05,PR0235,1305.0,188
W05,PR0236,804.0,256
W05,PR0237,,169
W05,PR0238,134.0,101
W05,PR0239,165.0,57
W05,PR0240,1778.0,96
W05,PR0241,720.0,354
W05,PR0242,1101.0,276
W05,PR0243,1255.0,197
W05,PR0244,876.0,272
W05,PR0245,528.0,311
W05,PR0246,719.0,874
W05,PR0247,485.0,267
W05,PR0248,652.0,432
W05,PR0249,680.0,78
W05,PR0250,1438.0,321
W05,PR0251,,79
W05,PR0252,848.0,83
W05,PR0253,785.0,278
W05,PR0254,,639
W05,PR0255,,190
W05,PR0256,618.0,544
W05,PR0257,554.0,138
W05,PR0258,471.0,434
W05,PR0259,285.0,109
W05,PR0260,,60
W05,PR0261,633.0,254
W05,PR0262,475.0,83
W05,PR0263,314.0,169
W05,PR0264,512.0,51
W05,PR0265,645.0,291
W05,PR0266,883.0,612
W05,PR0267,766.0,362
W05,PR0268,,605
W05,PR0269,440.0,207
W05,PR0270,516.0,240
W05,PR0271,974.0,362
W05,PR0272,0.0,229
W05,PR0273,1111.0,-10
W05,PR0274,833.0,132
W05,PR0275,716.0,260
W05,PR0276,346.0,236
W05,PR0277,0.0,273
W05,PR0278,1402.0,188
W05,PR0279,395.0,295
W05,PR0280,485.0,103
W05,PR0281,199.0,224
W05,PR0282,313.0,299
W05,PR0283,279.0,261
W05,PR0284,454.0,531
W05,PR0285,148.0,251
W05,PR0286,,153
W05,PR0287,903.0,246
W05,PR0288,359.0,176
W05,PR0289,1061.0,267
W05,PR0290,162.0,286
W05,PR0291,169.0,123
W05,PR0292,,262
W05,PR0293,413.0,111
W05,PR0294,508.0,67
W05,PR0295,432.0,343
W05,PR0296,433.0,198
W05,PR0297,1361.0,162
W05,PR0298,242.0,389
W05,PR0299,463.0,202
W05,PR0300,258.0,265
W06,PR0001,129.0,-10
W06,PR0002,1283.0,275
W06,PR0003,633.0,171
W06,PR0004,347.0,268
W06,PR0005,528.0,261
W06,PR0006,425.0,288
W06,PR0007,466.0,244
W06,PR0008,1343.0,164
W06,PR0009,318.0,73
W06,PR0010,828.0,-10
W06,PR0011,0.0,276
W06,PR0012,239.0,183
W06,PR0013,405.0,315
W06,PR0014,1358.0,311
W06,PR0015,1824.0,122
W06,PR0016,308.0,345
W06,PR0017,789.0,242
W06,PR0018,354.0,273
W06,PR0019,532.0,31
W06,PR0020,506.0,279
W06,PR0021,283.0,132
W06,PR0022,993.0,472
W06,PR0023,446.0,342
W06,PR0024,832.0,365
W06,PR0025,490.0,114
W06,PR0026,498.0,171
W06,PR0027,400.0,260
W06,PR0028,248.0,221
W06,PR0029,357.0,344
W06,PR0030,344.0,209
W06,PR0031,372.0,371
W06,PR0032,910.0,281
W06,PR0033,152.0,161
W06,PR0034,516.0,227
W06,PR0035,426.0,285
W06,PR0036,1363.0,338
W06,PR0037,322.0,327
W06,PR0038,0.0,145
W06,PR0039,460.0,329
W06,PR0040,191.0,355
W06,PR0041,291.0,214
W06,PR0042,302.0,424
W06,PR0043,587.0,158
W06,PR0044,0.0,140
W06,PR0045,393.0,80
W06,PR0046,893.0,418
W06,PR0047,,206
W06,PR0048,739.0,-10
W06,PR0049,510.0,283
W06,PR0050,230.0,76
W06,PR0051,630.0,318
W06,PR0052,898.0,-10
W06,PR0053,946.0,290
W06,PR0054,417.0,524
W06,PR0055,,378
W06,PR0056,664.0,362
W06,PR0057,487.0,493
W06,PR0058,,254
W06,PR0059,0.0,35
W06,PR0060,602.0,34
W06,PR0061,,148
W06,PR0062,0.0,-10
W06,PR0063,349.0,111
W06,PR0064,299.0,157
W06,PR0065,230.0,51
W06,PR0066,1170.0,358
W06,PR0067,672.0,759
W06,PR0068,234.0,187
W06,PR0069,286.0,455
W06,PR0070,530.0,221
W06,PR0071,275.0,295
W06,PR0072,152.0,83
W06,PR0073,559.0,169
W06,PR0074,157.0,-10
W06,PR0075,489.0,74
W06,PR0076,,231
W06,PR0077,632.0,233
W06,PR0078,501.0,365
W06,PR0079,299.0,960
W06,PR0080,1113.0,195
W06,PR0081,621.0,76
W06,PR0082,663.0,172
W06,PR0083,204.0,115
W06,PR0084,947.0,520
W06,PR0085,1297.0,144
W06,PR0086,333.0,242
W06,PR0087,615.0,170
W06,PR0088,429.0,356
W06,PR0089,682.0,206
W06,PR0090,390.0,394
W06,PR0091,789.0,125
W06,PR0092,903.0,126
W06,PR0093,409.0,-10
W06,PR0094,372.0,222
W06,PR0095,656.0,47
W06,PR0096,1061.0,256
W06,PR0097,577.0,891
W06,PR0098,316.0,289
W06,PR0099,293.0,112
W06,PR0100,569.0,428
W06,PR0101,910.0,241
W06,PR0102,479.0,548
W06,PR0103,704.0,157
W06,PR0104,0.0,131
W06,PR0105,120.0,313
W06,PR0106,219.0,139
W06,PR0107,886.0,-10
W06,PR0108,198.0,526
W06,PR0109,570.0,140
W06,PR0110,496.0,300
W06,PR0111,18.0,316
W06,PR0112,626.0,-10
W06,PR0113,,27
W06,PR0114,558.0,269
W06,PR0115,561.0,581
W06,PR0116,479.0,283
W06,PR0117,343.0,291
W06,PR0118,485.0,170
W06,PR0119,1238.0,279
W06,PR0120,0.0,500
W06,PR0121,397.0,466
W06,PR0122,250.0,296
W06,PR0123,305.0,398
W06,PR0124,795.0,581
W06,PR0125,487.0,490
W06,PR0126,238.0,367
W06,PR0127,171.0,82
W06,PR0128,499.0,96
W06,PR0129,337.0,94
W06,PR0130,735.0,60
W06,PR0131,571.0,243
W06,PR0132,375.0,294
W06,PR0133,545.0,308
W06,PR0134,792.0,457
W06,PR0135,,106
W06,PR0136,235.0,227
W06,PR0137,1446.0,464
W06,PR0138,618.0,-10
W06,PR0139,394.0,286
W06,PR0140,410.0,187
W06,PR0141,942.0,334
W06,PR0142,198.0,225
W06,PR0143,341.0,204
W06,PR0144,287.0,178
W06,PR0145,605.0,189
W06,PR0146,1290.0,103
W06,PR0147,688.0,99
W06,PR0148,273.0,193
W06,PR0149,911.0,306
W06,PR0150,974.0,239
W06,PR0151,280.0,466
W06,PR0152,506.0,107
W06,PR0153,349.0,112
W06,PR0154,,556
W06,PR0155,850.0,169
W06,PR0156,674.0,112
W06,PR0157,623.0,-10
W06,PR0158,1527.0,424
W06,PR0159,311.0,190
W06,PR0160,,164
W06,PR0161,0.0,215
W06,PR0162,239.0,223
W06,PR0163,213.0,273
W06,PR0164,,122
W06,PR0165,951.0,219
W06,PR0166,664.0,774
W06,PR0167,370.0,422
W06,PR0168,374.0,130
W06,PR0169,,237
W06,PR0170,407.0,225
W06,PR0171,,138
W06,PR0172,,576
W06,PR0173,213.0,185
W06,PR0174,352.0,514
W06,PR0175,,82
W06,PR0176,830.0,236
W06,PR0177,1365.0,55
W06,PR0178,513.0,157
W06,PR0179,981.0,79
W06,PR0180,0.0,128
W06,PR0181,471.0,256
W06,PR0182,491.0,-10
W06,PR0183,425.0,354
W06,PR0184,344.0,110
W06,PR0185,194.0,-10
W06,PR0186,952.0,-10
W06,PR0187,243.0,12
W06,PR0188,464.0,113
W06,PR0189,558.0,348
W06,PR0190,291.0,68
W06,PR0191,1113.0,272
W06,PR0192,452.0,212
W06,PR0193,,443
W06,PR0194,384.0,266
W06,PR0195,281.0,218
W06,PR0196,176.0,-10
W06,PR0197,441.0,364
W06,PR0198,380.0,101
W06,PR0199,977.0,357
W06,PR0200,549.0,496
W06,PR0201,,233
W06,PR0202,186.0,277
W06,PR0203,683.0,359
W06,PR0204,813.0,159
W06,PR0205,581.0,303
W06,PR0206,814.0,477
W06,PR0207,666.0,193
W06,PR0208,523.0,163
W06,PR0209,1928.0,597
W06,PR0210,398.0,288
W06,PR0211,673.0,147
W06,PR0212,,134
W06,PR0213,1618.0,397
W06,PR0214,389.0,116
W06,PR0215,841.0,178
W06,PR0216,304.0,488
W06,PR0217,324.0,170
W06,PR0218,983.0,763
W06,PR0219,304.0,505
W06,PR0220,343.0,365
W06,PR0221,528.0,243
W06,PR0222,0.0,28
W06,PR0223,253.0,334
W06,PR0224,583.0,199
W06,PR0225,511.0,227
W06,PR0226,247.0,485
W06,PR0227,469.0,530
W06,PR0228,962.0,307
W06,PR0229,503.0,360
W06,PR0230,380.0,172
W06,PR0231,391.0,73
W06,PR0232,,606
W06,PR0233,529.0,271
W06,PR0234,799.0,170
W06,PR0235,128.0,228
W06,PR0236,775.0,254
W06,PR0237,543.0,269
W06,PR0238,600.0,370
W06,PR0239,265.0,139
W06,PR0240,,436
W06,PR0241,249.0,264
W06,PR0242,,379
W06,PR0243,330.0,-10
W06,PR0244,1431.0,242
W06,PR0245,248.0,167
W06,PR0246,818.0,271
W06,PR0247,547.0,179
W06,PR0248,179.0,76
W06,PR0249,1338.0,604
W06,PR0250,1537.0,239
W06,PR0251,713.0,230
W06,PR0252,135.0,229
W06,PR0253,1011.0,280
W06,PR0254,117.0,235
W06,PR0255,258.0,118
W06,PR0256,,264
W06,PR0257,385.0,214
W06,PR0258,692.0,458
W06,PR0259,545.0,31
W06,PR0260,0.0,135
W06,PR0261,1145.0,570
W06,PR0262,632.0,380
W06,PR0263,,519
W06,PR0264,170.0,315
W06,PR0265,275.0,104
W06,PR0266,291.0,144
W06,PR0267,610.0,114
W06,PR0268,462.0,153
W06,PR0269,492.0,78
W06,PR0270,812.0,-10
W06,PR0271,188.0,287
W06,PR0272,521.0,307
W06,PR0273,443.0,253
W06,PR0274,261.0,291
W06,PR0275,371.0,220
W06,PR0276,,263
W06,PR0277,443.0,115
W06,PR0278,245.0,146
W06,PR0279,1130.0,260
W06,PR0280,1118.0,391
W06,PR0281,546.0,283
W06,PR0282,451.0,-10
W06,PR0283,114.0,172
W06,PR0284,548.0,390
W06,PR0285,1120.0,286
W06,PR0286,800.0,208
W06,PR0287,1570.0,40
W06,PR0288,171.0,310
W06,PR0289,422.0,44
W06,PR0290,686.0,160
W06,PR0291,196.0,271
W06,PR0292,576.0,582
W06,PR0293,461.0,107
W06,PR0294,0.0,125
W06,PR0295,904.0,178
W06,PR0296,436.0,168
W06,PR0297,336.0,341
W06,PR0298,583.0,445
W06,PR0299,270.0,75
W06,PR0300,,248
W07,PR0001,551.0,109
W07,PR0002,65.0,168
W07,PR0003,254.0,362
W07,PR0004,185.0,88
W07,PR0005,103.0,272
W07,PR0006,132.0,260
W07,PR0007,1295.0,123
W07,PR0008,463.0,199
W07,PR0009,603.0,235
W07,PR0010,276.0,203
W07,PR0011,450.0,260
W07,PR0012,377.0,89
W07,PR0013,839.0,611
W07,PR0014,427.0,196
W07,PR0015,870.0,237
W07,PR0016,442.0,207
W07,PR0017,110.0,272
W07,PR0018,525.0,802
W07,PR0019,850.0,88
W07,PR0020,313.0,314
W07,PR0021,603.0,275
W07,PR0022,,133
W07,PR0023,429.0,330
W07,PR0024,,260
W07,PR0025,195.0,286
W07,PR0026,449.0,247
W07,PR0027,0.0,285
W07,PR0028,842.0,136
W07,PR0029,561.0,184
W07,PR0030,290.0,92
W07,PR0031,1050.0,136
W07,PR0032,,55
W07,PR0033,329.0,122
W07,PR0034,178.0,86
W07,PR0035,1117.0,95
W07,PR0036,99.0,365
W07,PR0037,1963.0,291
W07,PR0038,333.0,-10
W07,PR0039,874.0,379
W07,PR0040,713.0,52
W07,PR0041,457.0,309
W07,PR0042,608.0,382
W07,PR0043,404.0,378
W07,PR0044,983.0,323
W07,PR0045,308.0,495
W07,PR0046,455.0,195
W07,PR0047,364.0,454
W07,PR0048,,150
W07,PR0049,631.0,67
W07,PR0050,284.0,-10
W07,PR0051,590.0,81
W07,PR0052,360.0,324
W07,PR0053,515.0,239
W07,PR0054,499.0,267
W07,PR0055,312.0,193
W07,PR0056,,132
W07,PR0057,272.0,268
W07,PR0058,,229
W07,PR0059,903.0,186
W07,PR0060,243.0,302
W07,PR0061,,418
W07,PR0062,545.0,122
W07,PR0063,400.0,75
W07,PR0064,214.0,78
W07,PR0065,581.0,154
W07,PR0066,549.0,49
W07,PR0067,440.0,138
W07,PR0068,531.0,174
W07,PR0069,816.0,258
W07,PR0070,145.0,102
W07,PR0071,786.0,127
W07,PR0072,671.0,283
W07,PR0073,425.0,166
W07,PR0074,445.0,29
W07,PR0075,63.0,103
W07,PR0076,329.0,238
W07,PR0077,1097.0,166
W07,PR0078,193.0,97
W07,PR0079,521.0,322
W07,PR0080,538.0,357
W07,PR0081,,-10
W07,PR0082,1061.0,259
W07,PR0083,,91
W07,PR0084,392.0,265
W07,PR0085,568.0,220
W07,PR0086,397.0,59
W07,PR0087,286.0,314
W07,PR0088,1265.0,97
W07,PR0089,,308
W07,PR0090,,-10
W07,PR0091,0.0,156
W07,PR0092,1050.0,228
W07,PR0093,,125
W07,PR0094,,397
W07,PR0095,469.0,281
W07,PR0096,580.0,91
W07,PR0097,534.0,94
W07,PR0098,422.0,591
W07,PR0099,64.0,590
W07,PR0100,381.0,222
W07,PR0101,,178
W07,PR0102,155.0,52
W07,PR0103,294.0,244
W07,PR0104,701.0,150
W07,PR0105,347.0,168
W07,PR0106,532.0,402
W07,PR0107,516.0,150
W07,PR0108,705.0,189
W07,PR0109,825.0,178
W07,PR0110,326.0,464
W07,PR0111,1226.0,56
W07,PR0112,373.0,214
W07,PR0113,,204
W07,PR0114,207.0,108
W07,PR0115,662.0,142
W07,PR0116,753.0,233
W07,PR0117,,318
W07,PR0118,,98
W07,PR0119,399.0,-10
W07,PR0120,962.0,33
W07,PR0121,,240
W07,PR0122,,409
W07,PR0123,703.0,214
W07,PR0124,105.0,243
W07,PR0125,359.0,169
W07,PR0126,159.0,136
W07,PR0127,508.0,135
W07,PR0128,260.0,572
W07,PR0129,372.0,299
W07,PR0130,763.0,205
W07,PR0131,726.0,208
W07,PR0132,549.0,106
W07,PR0133,674.0,776
W07,PR0134,152.0,-10
W07,PR0135,,584
W07,PR0136,473.0,315
W07,PR0137,377.0,350
W07,PR0138,382.0,64
W07,PR0139,0.0,429
W07,PR0140,265.0,164
W07,PR0141,1107.0,145
W07,PR0142,197.0,218
W07,PR0143,,282
W07,PR0144,634.0,315
W07,PR0145,967.0,60
W07,PR0146,213.0,211
W07,PR0147,1157.0,65
W07,PR0148,239.0,170
W07,PR0149,0.0,415
W07,PR0150,,243
W07,PR0151,443.0,563
W07,PR0152,987.0,328
W07,PR0153,1590.0,296
W07,PR0154,523.0,-10
W07,PR0155,1085.0,591
W07,PR0156,,530
W07,PR0157,1382.0,99
W07,PR0158,607.0,243
W07,PR0159,1430.0,170
W07,PR0160,,70
W07,PR0161,76.0,305
W07,PR0162,,100
W07,PR0163,505.0,329
W07,PR0164,228.0,55
W07,PR0165,522.0,109
W07,PR0166,,270
W07,PR0167,303.0,296
W07,PR0168,636.0,81
W07,PR0169,376.0,75
W07,PR0170,222.0,190
W07,PR0171,267.0,109
W07,PR0172,870.0,185
W07,PR0173,,344
W07,PR0174,451.0,56
W07,PR0175,875.0,158
W07,PR0176,766.0,227
W07,PR0177,238.0,213
W07,PR0178,422.0,102
W07,PR0179,513.0,83
W07,PR0180,672.0,167
W07,PR0181,592.0,190
W07,PR0182,714.0,57
W07,PR0183,,119
W07,PR0184,1284.0,113
W07,PR0185,575.0,340
W07,PR0186,75.0,282
W07,PR0187,240.0,215
W07,PR0188,280.0,248
W07,PR0189,104.0,57
W07,PR0190,380.0,351
W07,PR0191,683.0,259
W07,PR0192,,477
W07,PR0193,381.0,-10
W07,PR0194,194.0,122
W07,PR0195,408.0,100
W07,PR0196,232.0,189
W07,PR0197,264.0,409
W07,PR0198,498.0,298
W07,PR0199,426.0,170
W07,PR0200,290.0,79
W07,PR0201,354.0,161
W07,PR0202,400.0,453
W07,PR0203,137.0,320
W07,PR0204,,88
W07,PR0205,531.0,6
W07,PR0206,919.0,436
W07,PR0207,648.0,156
W07,PR0208,681.0,448
W07,PR0209,461.0,220
W07,PR0210,451.0,231
W07,PR0211,368.0,403
W07,PR0212,0.0,89
W07,PR0213,1257.0,255
W07,PR0214,349.0,242
W07,PR0215,746.0,148
W07,PR0216,1017.0,135
W07,PR0217,52.0,466
W07,PR0218,1237.0,211
W07,PR0219,62.0,251
W07,PR0220,910.0,87
W07,PR0221,349.0,326
W07,PR0222,,89
W07,PR0223,1314.0,400
W07,PR0224,846.0,135
W07,PR0225,1086.0,115
W07,PR0226,,170
W07,PR0227,,325
W07,PR0228,,382
W07,PR0229,513.0,96
W07,PR0230,313.0,124
W07,PR0231,690.0,230
W07,PR0232,378.0,194
W07,PR0233,534.0,368
W07,PR0234,210.0,171
W07,PR0235,704.0,445
W07,PR0236,1039.0,279
W07,PR0237,428.0,62
W07,PR0238,403.0,334
W07,PR0239,462.0,-10
W07,PR0240,127.0,168
W07,PR0241,541.0,115
W07,PR0242,1021.0,166
W07,PR0243,519.0,64
W07,PR0244,81.0,85
W07,PR0245,561.0,104
W07,PR0246,0.0,181
W07,PR0247,415.0,600
W07,PR0248,1012.0,493
W07,PR0249,208.0,260
W07,PR0250,765.0,159
W07,PR0251,596.0,454
W07,PR0252,462.0,107
W07,PR0253,142.0,212
W07,PR0254,620.0,214
W07,PR0255,697.0,151
W07,PR0256,866.0,140
W07,PR0257,0.0,106
W07,PR0258,579.0,290
W07,PR0259,0.0,302
W07,PR0260,,-10
W07,PR0261,283.0,372
W07,PR0262,228.0,347
W07,PR0263,875.0,145
W07,PR0264,718.0,292
W07,PR0265,644.0,50
W07,PR0266,305.0,89
W07,PR0267,236.0,371
W07,PR0268,480.0,309
W07,PR0269,348.0,217
W07,PR0270,378.0,58
W07,PR0271,303.0,151
W07,PR0272,159.0,253
W07,PR0273,467.0,81
W07,PR0274,645.0,334
W07,PR0275,52.0,294
W07,PR0276,443.0,184
W07,PR0277,638.0,140
W07,PR0278,593.0,200
W07,PR0279,992.0,120
W07,PR0280,163.0,418
W07,PR0281,562.0,162
W07,PR0282,624.0,304
W07,PR0283,310.0,118
W07,PR0284,,127
W07,PR0285,102.0,273
W07,PR0286,477.0,306
W07,PR0287,704.0,541
W07,PR0288,1045.0,235
W07,PR0289,535.0,102
W07,PR0290,560.0,-10
W07,PR0291,514.0,221
W07,PR0292,252.0,200
W07,PR0293,614.0,199
W07,PR0294,133.0,485
W07,PR0295,479.0,229
W07,PR0296,211.0,68
W07,PR0297,,54
W07,PR0298,664.0,191
W07,PR0299,196.0,231
W07,PR0300,476.0,107
W08,PR0001,388.0,119
W08,PR0002,289.0,161
W08,PR0003,381.0,466
W08,PR0004,,56
W08,PR0005,530.0,277
W08,PR0006,609.0,265
W08,PR0007,1697.0,305
W08,PR0008,495.0,41
W08,PR0009,172.0,178
W08,PR0010,1611.0,23
W08,PR0011,303.0,476
W08,PR0012,1112.0,188
W08,PR0013,920.0,270
W08,PR0014,1066.0,250
W08,PR0015,157.0,300
W08,PR0016,92.0,503
W08,PR0017,693.0,473
W08,PR0018,1129.0,111
W08,PR0019,290.0,-10
W08,PR0020,485.0,130
W08,PR0021,899.0,456
W08,PR0022,731.0,17
W08,PR0023,351.0,118
W08,PR0024,0.0,-10
W08,PR0025,281.0,112
W08,PR0026,732.0,340
W08,PR0027,1372.0,538
W08,PR0028,375.0,65
W08,PR0029,256.0,108
W08,PR0030,231.0,289
W08,PR0031,1055.0,246
W08,PR0032,804.0,570
W08,PR0033,377.0,226
W08,PR0034,415.0,280
W08,PR0035,539.0,193
W08,PR0036,355.0,118
W08,PR0037,,307
W08,PR0038,592.0,245
W08,PR0039,835.0,104
W08,PR0040,443.0,159
W08,PR0041,412.0,264
W08,PR0042,210.0,436
W08,PR0043,463.0,436
W08,PR0044,406.0,178
W08,PR0045,344.0,189
W08,PR0046,552.0,230
W08,PR0047,486.0,191
W08,PR0048,668.0,113
W08,PR0049,331.0,257
W08,PR0050,524.0,262
W08,PR0051,145.0,60
W08,PR0052,1069.0,380
W08,PR0053,1461.0,61
W08,PR0054,414.0,203
W08,PR0055,417.0,170
W08,PR0056,250.0,34
W08,PR0057,572.0,179
W08,PR0058,465.0,48
W08,PR0059,244.0,98
W08,PR0060,388.0,93
W08,PR0061,280.0,90
W08,PR0062,402.0,410
W08,PR0063,227.0,139
W08,PR0064,,263
W08,PR0065,332.0,-10
W08,PR0066,511.0,422
W08,PR0067,1152.0,369
W08,PR0068,310.0,122
W08,PR0069,101.0,321
W08,PR0070,800.0,401
W08,PR0071,628.0,365
W08,PR0072,,293
W08,PR0073,642.0,138
W08,PR0074,266.0,102
W08,PR0075,174.0,344
W08,PR0076,308.0,178
W08,PR0077,384.0,276
W08,PR0078,517.0,462
W08,PR0079,342.0,300
W08,PR0080,935.0,386
W08,PR0081,,254
W08,PR0082,523.0,158
W08,PR0083,176.0,130
W08,PR0084,1274.0,59
W08,PR0085,1882.0,376
W08,PR0086,368.0,541
W08,PR0087,542.0,342
W08,PR0088,367.0,169
W08,PR0089,600.0,184
W08,PR0090,,135
W08,PR0091,577.0,312
W08,PR0092,462.0,126
W08,PR0093,0.0,171
W08,PR0094,0.0,79
W08,PR0095,427.0,65
W08,PR0096,,55
W08,PR0097,,54
W08,PR0098,422.0,363
W08,PR0099,670.0,71
W08,PR0100,368.0,469
W08,PR0101,435.0,203
W08,PR0102,867.0,142
W08,PR0103,460.0,391
W08,PR0104,690.0,351
W08,PR0105,321.0,181
W08,PR0106,371.0,222
W08,PR0107,588.0,-10
W08,PR0108,903.0,160
W08,PR0109,559.0,262
W08,PR0110,,563
W08,PR0111,1142.0,98
W08,PR0112,,331
W08,PR0113,171.0,207
W08,PR0114,802.0,207
W08,PR0115,433.0,473
W08,PR0116,532.0,242
W08,PR0117,277.0,-10
W08,PR0118,1442.0,99
W08,PR0119,1428.0,132
W08,PR0120,463.0,339
W08,PR0121,258.0,322
W08,PR0122,1622.0,196
W08,PR0123,195.0,98
W08,PR0124,512.0,139
W08,PR0125,552.0,560
W08,PR0126,865.0,445
W08,PR0127,423.0,362
W08,PR0128,380.0,431
W08,PR0129,228.0,268
W08,PR0130,293.0,341
W08,PR0131,776.0,197
W08,PR0132,959.0,94
W08,PR0133,413.0,178
W08,PR0134,627.0,202
W08,PR0135,,222
W08,PR0136,498.0,246
W08,PR0137,,410
W08,PR0138,706.0,686
W08,PR0139,405.0,207
W08,PR0140,1279.0,250
W08,PR0141,,121
W08,PR0142,199.0,222
W08,PR0143,403.0,129
W08,PR0144,609.0,378
W08,PR0145,963.0,121
W08,PR0146,481.0,345
W08,PR0147,485.0,144
W08,PR0148,509.0,312
W08,PR0149,598.0,210
W08,PR0150,485.0,234
W08,PR0151,899.0,236
W08,PR0152,473.0,56
W08,PR0153,,155
W08,PR0154,343.0,47
W08,PR0155,283.0,167
W08,PR0156,483.0,354
W08,PR0157,479.0,395
W08,PR0158,904.0,227
W08,PR0159,428.0,291
W08,PR0160,559.0,353
W08,PR0161,194.0,262
W08,PR0162,280.0,324
W08,PR0163,,115
W08,PR0164,716.0,81
W08,PR0165,237.0,172
W08,PR0166,271.0,435
W08,PR0167,806.0,202
W08,PR0168,228.0,508
W08,PR0169,873.0,162
W08,PR0170,0.0,198
W08,PR0171,,50
W08,PR0172,401.0,526
W08,PR0173,1119.0,327
W08,PR0174,1097.0,24
W08,PR0175,217.0,152
W08,PR0176,295.0,246
W08,PR0177,461.0,270
W08,PR0178,718.0,91
W08,PR0179,601.0,146
W08,PR0180,,359
W08,PR0181,235.0,23
W08,PR0182,893.0,222
W08,PR0183,937.0,150
W08,PR0184,1308.0,77
W08,PR0185,559.0,188
W08,PR0186,668.0,180
W08,PR0187,353.0,194
W08,PR0188,250.0,-10
W08,PR0189,361.0,123
W08,PR0190,,290
W08,PR0191,0.0,116
W08,PR0192,240.0,-10
W08,PR0193,701.0,182
W08,PR0194,,68
W08,PR0195,162.0,669
W08,PR0196,153.0,162
W08,PR0197,749.0,135
W08,PR0198,264.0,286
W08,PR0199,760.0,109
W08,PR0200,,65
W08,PR0201,741.0,148
W08,PR0202,401.0,-10
W08,PR0203,472.0,330
W08,PR0204,127.0,201
W08,PR0205,442.0,98
W08,PR0206,189.0,182
W08,PR0207,611.0,368
W08,PR0208,336.0,27
W08,PR0209,493.0,114
W08,PR0210,670.0,84
W08,PR0211,738.0,176
W08,PR0212,830.0,105
W08,PR0213,615.0,188
W08,PR0214,,122
W08,PR0215,675.0,84
W08,PR0216,0.0,42
W08,PR0217,842.0,337
W08,PR0218,396.0,137
W08,PR0219,452.0,-10
W08,PR0220,340.0,199
W08,PR0221,846.0,253
W08,PR0222,,142
W08,PR0223,178.0,276
W08,PR0224,0.0,254
W08,PR0225,,386
W08,PR0226,231.0,61
W08,PR0227,350.0,837
W08,PR0228,136.0,474
W08,PR0229,732.0,167
W08,PR0230,562.0,222
W08,PR0231,180.0,275
W08,PR0232,,163
W08,PR0233,737.0,790
W08,PR0234,626.0,186
W08,PR0235,250.0,698
W08,PR0236,550.0,132
W08,PR0237,475.0,295
W08,PR0238,338.0,183
W08,PR0239,143.0,400
W08,PR0240,428.0,315
W08,PR0241,172.0,175
W08,PR0242,,409
W08,PR0243,496.0,136
W08,PR0244,,423
W08,PR0245,,77
W08,PR0246,448.0,553
W08,PR0247,252.0,171
W08,PR0248,742.0,377
W08,PR0249,199.0,113
W08,PR0250,359.0,89
W08,PR0251,776.0,89
W08,PR0252,204.0,51
W08,PR0253,213.0,212
W08,PR0254,328.0,259
W08,PR0255,424.0,373
W08,PR0256,1371.0,251
W08,PR0257,,197
W08,PR0258,1093.0,496
W08,PR0259,202.0,237
W08,PR0260,437.0,158
W08,PR0261,396.0,267
W08,PR0262,,655
W08,PR0263,432.0,215
W08,PR0264,246.0,346
W08,PR0265,827.0,317
W08,PR0266,292.0,191
W08,PR0267,285.0,307
W08,PR0268,1247.0,519
W08,PR0269,0.0,188
W08,PR0270,354.0,165
W08,PR0271,931.0,399
W08,PR0272,1042.0,430
W08,PR0273,94.0,483
W08,PR0274,127.0,186
W08,PR0275,764.0,58
W08,PR0276,265.0,377
W08,PR0277,197.0,413
W08,PR0278,590.0,370
W08,PR0279,655.0,110
W08,PR0280,608.0,425
W08,PR0281,348.0,114
W08,PR0282,392.0,206
W08,PR0283,0.0,133
W08,PR0284,0.0,718
W08,PR0285,399.0,62
W08,PR0286,657.0,295
W08,PR0287,640.0,339
W08,PR0288,424.0,61
W08,PR0289,,318
W08,PR0290,1548.0,185
W08,PR0291,125.0,666
W08,PR0292,351.0,264
W08,PR0293,627.0,162
W08,PR0294,908.0,203
W08,PR0295,867.0,252
W08,PR0296,800.0,380
W08,PR0297,209.0,176
W08,PR0298,637.0,193
W08,PR0299,885.0,459
W08,PR0300,90.0,94
W09,PR0001,94.0,251
W09,PR0002,911.0,253
W09,PR0003,294.0,217
W09,PR0004,451.0,160
W09,PR0005,1317.0,383
W09,PR0006,332.0,163
W09,PR0007,383.0,337
W09,PR0008,407.0,626
W09,PR0009,663.0,300
W09,PR0010,422.0,194
W09,PR0011,637.0,429
W09,PR0012,860.0,-10
W09,PR0013,618.0,279
W09,PR0014,741.0,251
W09,PR0015,287.0,162
W09,PR0016,233.0,163
W09,PR0017,558.0,141
W09,PR0018,858.0,121
W09,PR0019,416.0,212
W09,PR0020,,308
W09,PR0021,495.0,107
W09,PR0022,,247
W09,PR0023,205.0,365
W09,PR0024,456.0,214
W09,PR0025,422.0,409
W09,PR0026,239.0,201
W09,PR0027,770.0,204
W09,PR0028,,111
W09,PR0029,356.0,134
W09,PR0030,343.0,267
W09,PR0031,,193
W09,PR0032,0.0,60
W09,PR0033,367.0,23
W09,PR0034,371.0,209
W09,PR0035,199.0,89
W09,PR0036,785.0,93
W09,PR0037,450.0,278
W09,PR0038,579.0,592
W09,PR0039,1154.0,412
W09,PR0040,465.0,175
W09,PR0041,,210
W09,PR0042,627.0,684
W09,PR0043,628.0,150
W09,PR0044,,339
W09,PR0045,334.0,66
W09,PR0046,287.0,357
W09,PR0047,790.0,30
W09,PR0048,89.0,72
W09,PR0049,817.0,96
W09,PR0050,515.0,140
W09,PR0051,393.0,454
W09,PR0052,1991.0,77
W09,PR0053,,21
W09,PR0054,318.0,332
W09,PR0055,258.0,120
W09,PR0056,604.0,432
W09,PR0057,,279
W09,PR0058,586.0,140
W09,PR0059,699.0,794
W09,PR0060,860.0,368
W09,PR0061,360.0,178
W09,PR0062,377.0,133
W09,PR0063,340.0,466
W09,PR0064,369.0,267
W09,PR0065,265.0,339
W09,PR0066,226.0,88
W09,PR0067,499.0,149
W09,PR0068,226.0,257
W09,PR0069,,99
W09,PR0070,370.0,190
W09,PR0071,748.0,54
W09,PR0072,540.0,164
W09,PR0073,840.0,260
W09,PR0074,280.0,411
W09,PR0075,865.0,136
W09,PR0076,434.0,97
W09,PR0077,212.0,306
W09,PR0078,93.0,139
W09,PR0079,707.0,105
W09,PR0080,492.0,324
W09,PR0081,611.0,263
W09,PR0082,,138
W09,PR0083,1089.0,40
W09,PR0084,263.0,160
W09,PR0085,1763.0,395
W09,PR0086,,868
W09,PR0087,421.0,76
W09,PR0088,522.0,736
W09,PR0089,250.0,522
W09,PR0090,774.0,224
W09,PR0091,250.0,545
W09,PR0092,1287.0,49
W09,PR0093,68.0,241
W09,PR0094,843.0,168
W09,PR0095,480.0,514
W09,PR0096,134.0,144
W09,PR0097,,154
W09,PR0098,436.0,334
W09,PR0099,266.0,112
W09,PR0100,723.0,447
W09,PR0101,821.0,101
W09,PR0102,699.0,79
W09,PR0103,150.0,511
W09,PR0104,135.0,77
W09,PR0105,1029.0,188
W09,PR0106,325.0,111
W09,PR0107,615.0,95
W09,PR0108,650.0,429
W09,PR0109,788.0,193
W09,PR0110,,86
W09,PR0111,224.0,185
W09,PR0112,756.0,162
W09,PR0113,1378.0,259
W09,PR0114,783.0,113
W09,PR0115,371.0,413
W09,PR0116,951.0,99
W09,PR0117,479.0,102
W09,PR0118,619.0,425
W09,PR0119,169.0,128
W09,PR0120,414.0,147
W09,PR0121,393.0,159
W09,PR0122,526.0,134
W09,PR0123,248.0,93
W09,PR0124,600.0,433
W09,PR0125,448.0,113
W09,PR0126,153.0,184
W09,PR0127,712.0,472
W09,PR0128,1303.0,252
W09,PR0129,319.0,100
W09,PR0130,971.0,48
W09,PR0131,150.0,381
W09,PR0132,314.0,147
W09,PR0133,169.0,328
W09,PR0134,161.0,441
W09,PR0135,260.0,269
W09,PR0136,720.0,225
W09,PR0137,374.0,87
W09,PR0138,0.0,555
W09,PR0139,713.0,189
W09,PR0140,705.0,499
W09,PR0141,1054.0,319
W09,PR0142,,73
W09,PR0143,77.0,185
W09,PR0144,236.0,250
W09,PR0145,523.0,610
W09,PR0146,948.0,335
W09,PR0147,490.0,358
W09,PR0148,459.0,405
W09,PR0149,273.0,262
W09,PR0150,166.0,119
W09,PR0151,1038.0,-10
W09,PR0152,611.0,429
W09,PR0153,766.0,402
W09,PR0154,349.0,211
W09,PR0155,1001.0,294
W09,PR0156,612.0,113
W09,PR0157,492.0,255
W09,PR0158,657.0,-10
W09,PR0159,782.0,-10
W09,PR0160,285.0,36
W09,PR0161,553.0,111
W09,PR0162,1052.0,357
W09,PR0163,460.0,200
W09,PR0164,572.0,142
W09,PR0165,306.0,167
W09,PR0166,731.0,112
W09,PR0167,527.0,115
W09,PR0168,362.0,76
W09,PR0169,294.0,237
W09,PR0170,1248.0,332
W09,PR0171,292.0,431
W09,PR0172,0.0,222
W09,PR0173,149.0,70
W09,PR0174,411.0,480
W09,PR0175,,458
W09,PR0176,495.0,119
W09,PR0177,898.0,122
W09,PR0178,264.0,167
W09,PR0179,549.0,275
W09,PR0180,342.0,485
W09,PR0181,274.0,200
W09,PR0182,491.0,272
W09,PR0183,268.0,91
W09,PR0184,679.0,78
W09,PR0185,649.0,495
W09,PR0186,691.0,73
W09,PR0187,384.0,26
W09,PR0188,388.0,432
W09,PR0189,791.0,136
W09,PR0190,569.0,115
W09,PR0191,599.0,77
W09,PR0192,231.0,151
W09,PR0193,0.0,43
W09,PR0194,711.0,140
W09,PR0195,867.0,96
W09,PR0196,,264
W09,PR0197,259.0,320
W09,PR0198,518.0,95
W09,PR0199,248.0,193
W09,PR0200,782.0,457
W09,PR0201,458.0,130
W09,PR0202,337.0,120
W09,PR0203,542.0,143
W09,PR0204,1124.0,43
W09,PR0205,,431
W09,PR0206,,258
W09,PR0207,904.0,213
W09,PR0208,628.0,310
W09,PR0209,244.0,134
W09,PR0210,1057.0,440
W09,PR0211,711.0,25
W09,PR0212,947.0,225
W09,PR0213,,105
W09,PR0214,663.0,394
W09,PR0215,901.0,180
W09,PR0216,441.0,406
W09,PR0217,462.0,132
W09,PR0218,,634
W09,PR0219,269.0,129
W09,PR0220,468.0,301
W09,PR0221,777.0,546
W09,PR0222,833.0,55
W09,PR0223,0.0,92
W09,PR0224,703.0,149
W09,PR0225,906.0,235
W09,PR0226,0.0,293
W09,PR0227,,-10
W09,PR0228,407.0,320
W09,PR0229,523.0,269
W09,PR0230,1150.0,363
W09,PR0231,291.0,247
W09,PR0232,980.0,210
W09,PR0233,61.0,139
W09,PR0234,735.0,44
W09,PR0235,819.0,199
W09,PR0236,111.0,110
W09,PR0237,625.0,93
W09,PR0238,1331.0,305
W09,PR0239,1618.0,886
W09,PR0240,141.0,159
W09,PR0241,,341
W09,PR0242,352.0,106
W09,PR0243,202.0,46
W09,PR0244,829.0,132
W09,PR0245,724.0,327
W09,PR0246,625.0,158
W09,PR0247,216.0,141
W09,PR0248,404.0,87
W09,PR0249,707.0,208
W09,PR0250,230.0,157
W09,PR0251,448.0,-10
W09,PR0252,214.0,192
W09,PR0253,325.0,180
W09,PR0254,145.0,253
W09,PR0255,916.0,102
W09,PR0256,424.0,170
W09,PR0257,479.0,371
W09,PR0258,202.0,387
W09,PR0259,,248
W09,PR0260,501.0,192
W09,PR0261,351.0,482
W09,PR0262,201.0,165
W09,PR0263,521.0,450
W09,PR0264,607.0,130
W09,PR0265,1803.0,31
W09,PR0266,757.0,222
W09,PR0267,480.0,680
W09,PR0268,213.0,230
W09,PR0269,359.0,207
W09,PR0270,310.0,62
W09,PR0271,239.0,274
W09,PR0272,727.0,41
W09,PR0273,152.0,131
W09,PR0274,725.0,340
W09,PR0275,804.0,544
W09,PR0276,674.0,169
W09,PR0277,776.0,299
W09,PR0278,263.0,123
W09,PR0279,371.0,90
W09,PR0280,,359
W09,PR0281,866.0,108
W09,PR0282,0.0,563
W09,PR0283,586.0,120
W09,PR0284,537.0,273
W09,PR0285,,198
W09,PR0286,537.0,141
W09,PR0287,,151
W09,PR0288,263.0,330
W09,PR0289,376.0,191
W09,PR0290,790.0,119
W09,PR0291,267.0,126
W09,PR0292,629.0,181
W09,PR0293,670.0,220
W09,PR0294,633.0,79
W09,PR0295,379.0,731
W09,PR0296,641.0,132
W09,PR0297,9.0,191
W09,PR0298,313.0,395
W09,PR0299,577.0,131
W09,PR0300,513.0,89
W10,PR0001,0.0,184
W10,PR0002,274.0,174
W10,PR0003,127.0,142
W10,PR0004,172.0,521
W10,PR0005,614.0,70
W10,PR0006,336.0,547
W10,PR0007,,328
W10,PR0008,447.0,496
W10,PR0009,190.0,217
W10,PR0010,456.0,250
W10,PR0011,,93
W10,PR0012,98.0,352
W10,PR0013,967.0,460
W10,PR0014,519.0,128
W10,PR0015,250.0,219
W10,PR0016,841.0,375
W10,PR0017,798.0,106
W10,PR0018,714.0,203
W10,PR0019,750.0,322
W10,PR0020,130.0,147
W10,PR0021,420.0,305
W10,PR0022,645.0,684
W10,PR0023,,266
W10,PR0024,667.0,415
W10,PR0025,999.0,67
W10,PR0026,0.0,211
W10,PR0027,233.0,204
W10,PR0028,468.0,157
W10,PR0029,376.0,361
W10,PR0030,390.0,319
W10,PR0031,318.0,491
W10,PR0032,,144
W10,PR0033,543.0,467
W10,PR0034,,390
W10,PR0035,607.0,224
W10,PR0036,339.0,423
W10,PR0037,782.0,-10
W10,PR0038,456.0,209
W10,PR0039,,621
W10,PR0040,286.0,172
W10,PR0041,744.0,249
W10,PR0042,,101
W10,PR0043,702.0,86
W10,PR0044,638.0,137
W10,PR0045,791.0,186
W10,PR0046,1105.0,417
W10,PR0047,212.0,214
W10,PR0048,87.0,403
W10,PR0049,290.0,314
W10,PR0050,346.0,555
W10,PR0051,607.0,104
W10,PR0052,742.0,640
W10,PR0053,419.0,792
W10,PR0054,410.0,354
W10,PR0055,166.0,337
W10,PR0056,1315.0,293
W10,PR0057,538.0,400
W10,PR0058,384.0,118
W10,PR0059,270.0,480
W10,PR0060,376.0,105
W10,PR0061,,234
W10,PR0062,521.0,191
W10,PR0063,863.0,202
W10,PR0064,863.0,360
W10,PR0065,,159
W10,PR0066,498.0,250
W10,PR0067,279.0,724
W10,PR0068,1065.0,60
W10,PR0069,,174
W10,PR0070,667.0,662
W10,PR0071,0.0,-10
W10,PR0072,0.0,73
W10,PR0073,392.0,60
W10,PR0074,314.0,168
W10,PR0075,811.0,218
W10,PR0076,663.0,219
W10,PR0077,637.0,195
W10,PR0078,532.0,125
W10,PR0079,266.0,199
W10,PR0080,1202.0,167
W10,PR0081,1449.0,142
W10,PR0082,879.0,336
W10,PR0083,597.0,324
W10,PR0084,254.0,116
W10,PR0085,394.0,195
W10,PR0086,1125.0,156
W10,PR0087,768.0,220
W10,PR0088,429.0,273
W10,PR0089,169.0,145
W10,PR0090,,229
W10,PR0091,44.0,101
W10,PR0092,198.0,613
W10,PR0093,990.0,323
W10,PR0094,383.0,270
W10,PR0095,419.0,100
W10,PR0096,717.0,24
W10,PR0097,860.0,283
W10,PR0098,373.0,78
W10,PR0099,585.0,79
W10,PR0100,79.0,393
W10,PR0101,0.0,98
W10,PR0102,629.0,358
W10,PR0103,136.0,62
W10,PR0104,883.0,218
W10,PR0105,203.0,133
W10,PR0106,658.0,96
W10,PR0107,527.0,551
W10,PR0108,243.0,275
W10,PR0109,602.0,492
W10,PR0110,,-10
W10,PR0111,356.0,95
W10,PR0112,345.0,370
W10,PR0113,0.0,186
W10,PR0114,840.0,82
W10,PR0115,400.0,509
W10,PR0116,607.0,120
W10,PR0117,600.0,72
W10,PR0118,,235
W10,PR0119,402.0,202
W10,PR0120,840.0,376
W10,PR0121,87.0,325
W10,PR0122,33.0,340
W10,PR0123,495.0,59
W10,PR0124,300.0,297
W10,PR0125,219.0,105
W10,PR0126,558.0,216
W10,PR0127,197.0,239
W10,PR0128,552.0,150
W10,PR0129,753.0,129
W10,PR0130,1091.0,323
W10,PR0131,561.0,539
W10,PR0132,487.0,334
W10,PR0133,307.0,133
W10,PR0134,90.0,152
W10,PR0135,545.0,168
W10,PR0136,371.0,105
W10,PR0137,1382.0,384
W10,PR0138,317.0,783
W10,PR0139,369.0,166
W10,PR0140,,333
W10,PR0141,209.0,93
W10,PR0142,1299.0,204
W10,PR0143,211.0,245
W10,PR0144,331.0,133
W10,PR0145,232.0,257
W10,PR0146,864.0,315
W10,PR0147,,284
W10,PR0148,293.0,366
W10,PR0149,,259
W10,PR0150,573.0,133
W10,PR0151,510.0,78
W10,PR0152,391.0,39
W10,PR0153,387.0,264
W10,PR0154,,81
W10,PR0155,134.0,139
W10,PR0156,479.0,160
W10,PR0157,339.0,476
W10,PR0158,204.0,164
W10,PR0159,189.0,806
W10,PR0160,,282
W10,PR0161,680.0,266
W10,PR0162,617.0,348
W10,PR0163,465.0,447
W10,PR0164,767.0,-10
W10,PR0165,687.0,119
W10,PR0166,319.0,659
W10,PR0167,889.0,437
W10,PR0168,,68
W10,PR0169,525.0,49
W10,PR0170,792.0,29
W10,PR0171,561.0,366
W10,PR0172,,351
W10,PR0173,293.0,239
W10,PR0174,710.0,222
W10,PR0175,175.0,160
W10,PR0176,427.0,-10
W10,PR0177,,53
W10,PR0178,350.0,51
W10,PR0179,170.0,151
W10,PR0180,334.0,283
W10,PR0181,500.0,297
W10,PR0182,641.0,328
W10,PR0183,215.0,106
W10,PR0184,,438
W10,PR0185,153.0,263
W10,PR0186,271.0,418
W10,PR0187,90.0,196
W10,PR0188,363.0,172
W10,PR0189,551.0,66
W10,PR0190,,746
W10,PR0191,351.0,-10
W10,PR0192,317.0,-10
W10,PR0193,512.0,252
W10,PR0194,,218
W10,PR0195,122.0,110
W10,PR0196,,141
W10,PR0197,527.0,122
W10,PR0198,347.0,94
W10,PR0199,318.0,133
W10,PR0200,716.0,154
W10,PR0201,313.0,309
W10,PR0202,511.0,272
W10,PR0203,471.0,161
W10,PR0204,1069.0,286
W10,PR0205,818.0,386
W10,PR0206,637.0,242
W10,PR0207,1029.0,258
W10,PR0208,966.0,127
W10,PR0209,364.0,272
W10,PR0210,421.0,121
W10,PR0211,0.0,161
W10,PR0212,205.0,701
W10,PR0213,1046.0,289
W10,PR0214,1045.0,118
W10,PR0215,914.0,48
W10,PR0216,348.0,307
W10,PR0217,280.0,240
W10,PR0218,767.0,57
W10,PR0219,340.0,68
W10,PR0220,581.0,180
W10,PR0221,631.0,47
W10,PR0222,718.0,65
W10,PR0223,487.0,72
W10,PR0224,412.0,104
W10,PR0225,689.0,184
W10,PR0226,336.0,403
W10,PR0227,281.0,240
W10,PR0228,417.0,678
W10,PR0229,635.0,42
W10,PR0230,,217
W10,PR0231,0.0,472
W10,PR0232,,451
W10,PR0233,546.0,176
W10,PR0234,790.0,341
W10,PR0235,592.0,204
W10,PR0236,381.0,65
W10,PR0237,495.0,195
W10,PR0238,273.0,503
W10,PR0239,291.0,214
W10,PR0240,195.0,244
W10,PR0241,258.0,-10
W10,PR0242,309.0,408
W10,PR0243,,63
W10,PR0244,1138.0,233
W10,PR0245,969.0,66
W10,PR0246,451.0,139
W10,PR0247,112.0,308
W10,PR0248,790.0,151
W10,PR0249,401.0,165
W10,PR0250,288.0,267
W10,PR0251,520.0,201
W10,PR0252,,142
W10,PR0253,731.0,212
W10,PR0254,,162
W10,PR0255,0.0,628
W10,PR0256,778.0,240
W10,PR0257,398.0,94
W10,PR0258,723.0,366
W10,PR0259,,-10
W10,PR0260,1082.0,391
W10,PR0261,62.0,352
W10,PR0262,1173.0,216
W10,PR0263,326.0,334
W10,PR0264,336.0,35
W10,PR0265,456.0,295
W10,PR0266,581.0,439
W10,PR0267,542.0,123
W10,PR0268,579.0,317
W10,PR0269,636.0,357
W10,PR0270,250.0,243
W10,PR0271,450.0,175
W10,PR0272,598.0,59
W10,PR0273,782.0,98
W10,PR0274,621.0,142
W10,PR0275,1806.0,308
W10,PR0276,0.0,284
W10,PR0277,548.0,75
W10,PR0278,268.0,234
W10,PR0279,501.0,89
W10,PR0280,89.0,364
W10,PR0281,622.0,314
W10,PR0282,525.0,276
W10,PR0283,748.0,144
W10,PR0284,680.0,249
W10,PR0285,371.0,102
W10,PR0286,537.0,241
W10,PR0287,1365.0,525
W10,PR0288,857.0,187
W10,PR0289,,328
W10,PR0290,624.0,613
W10,PR0291,678.0,-10
W10,PR0292,849.0,-10
W10,PR0293,999.0,87
W10,PR0294,,-10
W10,PR0295,375.0,105
W10,PR0296,482.0,102
W10,PR0297,102.0,348
W10,PR0298,802.0,111
W10,PR0299,597.0,272
W10,PR0300,386.0,299
