Product_ID,Product_Name,Category,Unit_Cost,Reorder_Level
PR0001,Product 0001,Beauty,566.81,880
PR0002,Product 0002,Electronics,281.68,3792
PR0003,Product 0003,Electronics,898.5,486
PR0004,Product 0004,Beauty,157.16,3464
PR0005,Product 0005,Office,904.86,150
PR0006,Product 0006,Home,38.71,789
PR0007,Product 0007,Home,1085.22,2453
PR0008,Product 0008,Home,279.28,1204
PR0009,Product 0009,Beauty,461.93,4137
PR0010,Product 0010,Electronics,18.54,2924
PR0011,Product 0011,Beauty,442.51,1102
PR0012,Product 0012,Beauty,604.59,2067
PR0013,Product 0013,Sports,443.88,995
PR0014,Product 0014,Electronics,355.29,2754
PR0015,Product 0015,Sports,930.63,1919
PR0016,Product 0016,Clothing,775.24,1548
PR0017,Product 0017,Electronics,77.3,3910
PR0018,Product 0018,Electronics,1023.02,2908
PR0019,Product 0019,Electronics,105.06,2455
PR0020,Product 0020,Home,1413.77,2081
PR0021,Product 0021,Home,1214.13,2844
PR0022,Product 0022,Sports,31.82,1383
PR0023,Product 0023,Sports,367.61,1498
PR0024,Product 0024,Electronics,918.12,795
PR0025,Product 0025,Sports,59.31,3172
PR0026,Product 0026,Home,394.1,3963
PR0027,Product 0027,Beauty,1135.0,1041
PR0028,Product 0028,Beauty,783.94,3863
PR0029,Product 0029,Beauty,283.8,4818
PR0030,Product 0030,Sports,1264.69,181
PR0031,Product 0031,Clothing,597.56,1015
PR0032,Product 0032,Home,900.07,4931
PR0033,Product 0033,Clothing,495.2,3818
PR0034,Product 0034,Sports,785.08,357
PR0035,Product 0035,Office,813.22,4907
PR0036,Product 0036,Electronics,540.28,4879
PR0037,Product 0037,Home,913.7,512
PR0038,Product 0038,Beauty,218.26,2082
PR0039,Product 0039,Clothing,254.58,2588
PR0040,Product 0040,Office,1160.19,2047
PR0041,Product 0041,Office,445.88,411
PR0042,Product 0042,Home,1095.68,4494
PR0043,Product 0043,Home,118.47,2298
PR0044,Product 0044,Office,979.41,3119
PR0045,Product 0045,Electronics,1295.75,4895
PR0046,Product 0046,Electronics,501.7,4618
PR0047,Product 0047,Clothing,471.99,824
PR0048,Product 0048,Electronics,1096.57,2793
PR0049,Product 0049,Office,1331.72,2710
PR0050,Product 0050,Office,1143.09,522
PR0051,Product 0051,Sports,1158.28,890
PR0052,Product 0052,Office,68.33,226
PR0053,Product 0053,Electronics,645.89,1504
PR0054,Product 0054,Beauty,308.97,883
PR0055,Product 0055,Clothing,957.52,583
PR0056,Product 0056,Sports,848.41,1777
PR0057,Product 0057,Electronics,215.88,1698
PR0058,Product 0058,Clothing,1135.28,1079
PR0059,Product 0059,Electronics,1414.74,1742
PR0060,Product 0060,Sports,1044.62,2645
PR0061,Product 0061,Office,939.54,1617
PR0062,Product 0062,Beauty,953.04,2713
PR0063,Product 0063,Sports,689.15,3647
PR0064,Product 0064,Office,629.43,2001
PR0065,Product 0065,Sports,812.7,1549
PR0066,Product 0066,Home,190.16,3322
PR0067,Product 0067,Beauty,1360.99,1326
PR0068,Product 0068,Electronics,645.24,2695
PR0069,Product 0069,Electronics,534.03,1302
PR0070,Product 0070,Beauty,18.37,4764
PR0071,Product 0071,Home,731.37,4799
PR0072,Product 0072,Office,372.24,3465
PR0073,Product 0073,Electronics,334.4,1515
PR0074,Product 0074,Home,1056.9,1873
PR0075,Product 0075,Electronics,1457.9,4679
PR0076,Product 0076,Clothing,376.34,3477
PR0077,Product 0077,Office,1070.71,1656
PR0078,Product 0078,Clothing,432.98,3172
PR0079,Product 0079,Beauty,406.04,4117
PR0080,Product 0080,Office,758.0,874
PR0081,Product 0081,Home,423.74,3494
PR0082,Product 0082,Office,1023.61,1727
PR0083,Product 0083,Office,676.09,1753
PR0084,Product 0084,Home,369.15,4951
PR0085,Product 0085,Beauty,128.63,3275
PR0086,Product 0086,Office,362.56,786
PR0087,Product 0087,Beauty,1206.28,2951
PR0088,Product 0088,Beauty,1475.27,1950
PR0089,Product 0089,Beauty,1226.12,628
PR0090,Product 0090,Electronics,232.87,4302
PR0091,Product 0091,Sports,286.29,1814
PR0092,Product 0092,Beauty,889.61,1389
PR0093,Product 0093,Home,772.04,166
PR0094,Product 0094,Sports,528.21,1754
PR0095,Product 0095,Beauty,268.15,2996
PR0096,Product 0096,Home,601.18,2405
PR0097,Product 0097,Home,1257.86,1822
PR0098,Product 0098,Clothing,516.87,4081
PR0099,Product 0099,Clothing,1046.11,282
PR0100,Product 0100,Office,992.7,643
PR0101,Product 0101,Beauty,836.36,3663
PR0102,Product 0102,Beauty,397.16,3743
PR0103,Product 0103,Sports,840.97,4110
PR0104,Product 0104,Home,289.55,3190
PR0105,Product 0105,Beauty,1052.93,2275
PR0106,Product 0106,Office,1346.49,3211
PR0107,Product 0107,Electronics,1332.55,4743
PR0108,Product 0108,Home,133.54,1465
PR0109,Product 0109,Electronics,1006.13,273
PR0110,Product 0110,Office,21.72,2577
PR0111,Product 0111,Clothing,1410.68,2220
PR0112,Product 0112,Office,15.55,4993
PR0113,Product 0113,Electronics,826.71,2889
PR0114,Product 0114,Home,677.05,976
PR0115,Product 0115,Sports,342.61,180
PR0116,Product 0116,Beauty,34.97,4513
PR0117,Product 0117,Office,493.5,4007
PR0118,Product 0118,Home,554.77,1238
PR0119,Product 0119,Beauty,989.16,3124
PR0120,Product 0120,Clothing,817.47,974
PR0121,Product 0121,Clothing,556.63,3466
PR0122,Product 0122,Beauty,381.69,1713
PR0123,Product 0123,Clothing,1459.73,3456
PR0124,Product 0124,Home,734.22,3374
PR0125,Product 0125,Office,656.12,4913
PR0126,Product 0126,Home,970.49,979
PR0127,Product 0127,Home,1297.34,3087
PR0128,Product 0128,Beauty,1085.9,4774
PR0129,Product 0129,Sports,861.43,3140
PR0130,Product 0130,Sports,73.06,1263
PR0131,Product 0131,Office,709.16,1089
PR0132,Product 0132,Beauty,1372.98,1080
PR0133,Product 0133,Sports,1393.05,321
PR0134,Product 0134,Clothing,1450.25,3190
PR0135,Product 0135,Sports,1470.65,1159
PR0136,Product 0136,Clothing,447.32,1000
PR0137,Product 0137,Office,292.84,1204
PR0138,Product 0138,Home,480.85,147
PR0139,Product 0139,Home,564.05,589
PR0140,Product 0140,Sports,1395.59,2753
PR0141,Product 0141,Clothing,152.99,4034
PR0142,Product 0142,Electronics,1485.16,3029
PR0143,Product 0143,Electronics,387.21,2557
PR0144,Product 0144,Electronics,1317.04,804
PR0145,Product 0145,Home,1274.22,4361
PR0146,Product 0146,Beauty,544.36,2826
PR0147,Product 0147,Home,634.31,1861
PR0148,Product 0148,Beauty,1301.67,544
PR0149,Product 0149,Clothing,129.74,2970
PR0150,Product 0150,Sports,756.26,4800
PR0151,Product 0151,Electronics,297.86,3867
PR0152,Product 0152,Clothing,1055.33,4515
PR0153,Product 0153,Clothing,83.75,1186
PR0154,Product 0154,Sports,568.37,4949
PR0155,Product 0155,Clothing,662.2,2002
PR0156,Product 0156,Sports,61.63,3756
PR0157,Product 0157,Office,239.32,3281
PR0158,Product 0158,Sports,435.52,1735
PR0159,Product 0159,Electronics,65.94,3874
PR0160,Product 0160,Beauty,545.4,2511
PR0161,Product 0161,Beauty,495.36,3144
PR0162,Product 0162,Electronics,413.14,24
PR0163,Product 0163,Beauty,690.24,4889
PR0164,Product 0164,Sports,85.11,4162
PR0165,Product 0165,Office,1051.67,4384
PR0166,Product 0166,Beauty,1454.55,1713
PR0167,Product 0167,Office,69.27,139
PR0168,Product 0168,Electronics,412.08,3695
PR0169,Product 0169,Office,1118.11,1389
PR0170,Product 0170,Clothing,45.82,136
PR0171,Product 0171,Home,128.66,1170
PR0172,Product 0172,Clothing,1046.39,1032
PR0173,Product 0173,Electronics,94.82,4749
PR0174,Product 0174,Beauty,241.4,2869
PR0175,Product 0175,Beauty,365.76,579
PR0176,Product 0176,Office,280.84,3363
PR0177,Product 0177,Sports,778.91,4819
PR0178,Product 0178,Home,835.1,2314
PR0179,Product 0179,Sports,79.19,4269
PR0180,Product 0180,Electronics,539.11,2764
PR0181,Product 0181,Beauty,518.08,1263
PR0182,Product 0182,Office,76.64,2161
PR0183,Product 0183,Beauty,1284.35,3079
PR0184,Product 0184,Sports,269.59,2979
PR0185,Product 0185,Sports,153.97,2499
PR0186,Product 0186,Home,1211.91,1655
PR0187,Product 0187,Home,266.42,1777
PR0188,Product 0188,Office,977.46,2869
PR0189,Product 0189,Home,397.25,3750
PR0190,Product 0190,Sports,758.68,2836
PR0191,Product 0191,Sports,812.75,4631
PR0192,Product 0192,Electronics,926.85,355
PR0193,Product 0193,Sports,966.49,4612
PR0194,Product 0194,Office,1301.86,3566
PR0195,Product 0195,Clothing,1203.02,1951
PR0196,Product 0196,Electronics,587.15,2447
PR0197,Product 0197,Electronics,199.72,2758
PR0198,Product 0198,Office,1232.39,3933
PR0199,Product 0199,Office,316.37,4400
PR0200,Product 0200,Home,111.49,3393
PR0201,Product 0201,Electronics,35.19,2566
PR0202,Product 0202,Home,930.43,2794
PR0203,Product 0203,Sports,114.21,795
PR0204,Product 0204,Electronics,583.01,1645
PR0205,Product 0205,Electronics,516.21,134
PR0206,Product 0206,Beauty,428.53,3287
PR0207,Product 0207,Clothing,1041.79,1536
PR0208,Product 0208,Electronics,1405.48,748
PR0209,Product 0209,Sports,1206.79,2828
PR0210,Product 0210,Home,825.57,2524
PR0211,Product 0211,Home,856.23,2806
PR0212,Product 0212,Beauty,1485.83,4099
PR0213,Product 0213,Clothing,198.51,2163
PR0214,Product 0214,Sports,516.48,4152
PR0215,Product 0215,Home,363.99,3786
PR0216,Product 0216,Office,1128.3,2934
PR0217,Product 0217,Sports,161.86,3972
PR0218,Product 0218,Sports,761.84,748
PR0219,Product 0219,Clothing,485.51,718
PR0220,Product 0220,Home,157.18,415
PR0221,Product 0221,Sports,1438.14,4191
PR0222,Product 0222,Beauty,537.52,1839
PR0223,Product 0223,Beauty,1425.49,4966
PR0224,Product 0224,Home,743.59,163
PR0225,Product 0225,Beauty,677.08,4511
PR0226,Product 0226,Office,498.37,2958
PR0227,Product 0227,Clothing,325.39,3656
PR0228,Product 0228,Beauty,1189.04,2636
PR0229,Product 0229,Beauty,177.29,3002
PR0230,Product 0230,Office,1493.93,4749
PR0231,Product 0231,Clothing,666.76,752
PR0232,Product 0232,Sports,531.57,4866
PR0233,Product 0233,Clothing,221.34,973
PR0234,Product 0234,Electronics,930.38,3344
PR0235,Product 0235,Home,1259.01,1211
PR0236,Product 0236,Home,116.56,3013
PR0237,Product 0237,Electronics,1338.71,1237
PR0238,Product 0238,Office,129.37,3256
PR0239,Product 0239,Electronics,355.98,3739
PR0240,Product 0240,Sports,566.41,1876
PR0241,Product 0241,Sports,1321.5,1700
PR0242,Product 0242,Home,1421.29,4332
PR0243,Product 0243,Sports,891.1,1847
PR0244,Product 0244,Home,569.38,3506
PR0245,Product 0245,Electronics,726.65,2943
PR0246,Product 0246,Electronics,841.14,4206
PR0247,Product 0247,Beauty,379.1,3622
PR0248,Product 0248,Beauty,173.91,3542
PR0249,Product 0249,Electronics,386.49,4869
PR0250,Product 0250,Home,707.24,1101
PR0251,Product 0251,Electronics,1113.53,475
PR0252,Product 0252,Electronics,183.35,1404
PR0253,Product 0253,Office,1118.36,2016
PR0254,Product 0254,Electronics,362.36,524
PR0255,Product 0255,Sports,567.31,3460
PR0256,Product 0256,Home,131.67,948
PR0257,Product 0257,Office,341.6,153
PR0258,Product 0258,Beauty,1204.75,4800
PR0259,Product 0259,Clothing,1455.06,1872
PR0260,Product 0260,Home,489.45,4195
PR0261,Product 0261,Sports,795.33,4318
PR0262,Product 0262,Home,1379.32,1270
PR0263,Product 0263,Beauty,1045.55,3532
PR0264,Product 0264,Sports,788.46,1276
PR0265,Product 0265,Sports,331.48,3506
PR0266,Product 0266,Clothing,1493.78,3657
PR0267,Product 0267,Home,879.8,2723
PR0268,Product 0268,Clothing,1107.75,1373
PR0269,Product 0269,Clothing,1426.01,377
PR0270,Product 0270,Home,687.84,687
PR0271,Product 0271,Electronics,508.8,1165
PR0272,Product 0272,Electronics,288.68,4205
PR0273,Product 0273,Beauty,587.3,559
PR0274,Product 0274,Clothing,123.98,4156
PR0275,Product 0275,Office,395.85,2528
PR0276,Product 0276,Clothing,1029.62,944
PR0277,Product 0277,Clothing,206.71,3344
PR0278,Product 0278,Clothing,1411.27,275
PR0279,Product 0279,Beauty,875.09,1964
PR0280,Product 0280,Electronics,632.02,2891
PR0281,Product 0281,Beauty,1315.98,4992
PR0282,Product 0282,Beauty,253.93,1035
PR0283,Product 0283,Beauty,569.68,3156
PR0284,Product 0284,Electronics,724.71,4968
PR0285,Product 0285,Electronics,1126.37,3945
PR0286,Product 0286,Clothing,1245.11,4804
PR0287,Product 0287,Beauty,1258.79,1653
PR0288,Product 0288,Office,62.94,530
PR0289,Product 0289,Electronics,415.92,4633
PR0290,Product 0290,Home,1040.04,2776
PR0291,Product 0291,Home,1499.58,1480
PR0292,Product 0292,Home,881.04,3656
PR0293,Product 0293,Sports,1417.59,4198
PR0294,Product 0294,Clothing,377.04,2068
PR0295,Product 0295,Home,1431.44,736
PR0296,Product 0296,Clothing,317.18,4564
PR0297,Product 0297,Home,1010.18,1843
PR0298,Product 0298,Office,77.97,1594
PR0299,Product 0299,Clothing,1009.99,693
PR0300,Product 0300,Home,718.51,790
